"","Grid.ID","Observer.ID","Distance","Dist.Bin","Dist.Bin.Midpoint","Time.Interval","Year","Visit.ID"
"1","ID-B03","Austin",0.106,5,0.1125,1,"Y1","Y1-V1"
"2","ID-B03","Austin",0.083,4,0.0875,1,"Y1","Y1-V1"
"3","ID-B03","Austin",0.114,5,0.1125,2,"Y1","Y1-V1"
"4","ID-B03","Austin",0.07,3,0.0625,3,"Y1","Y1-V1"
"5","ID-B03","Austin",0.115,5,0.1125,1,"Y1","Y1-V1"
"6","ID-B03","Austin",0.048,2,0.0375,3,"Y1","Y1-V1"
"7","ID-B03","Austin",0.107,5,0.1125,1,"Y1","Y1-V1"
"8","ID-B13","Ruger",0.029,2,0.0375,2,"Y1","Y1-V1"
"9","ID-B13","Ruger",0.12,5,0.1125,1,"Y1","Y1-V1"
"10","ID-B13","Ruger",0.018,1,0.0125,2,"Y1","Y1-V1"
"11","ID-B21","Keramie",0.093,4,0.0875,2,"Y1","Y1-V1"
"12","ID-B21","Keramie",0.068,3,0.0625,3,"Y1","Y1-V1"
"13","ID-B24","Keramie",0.059,3,0.0625,3,"Y1","Y1-V1"
"14","ID-B24","Keramie",0.027,2,0.0375,3,"Y1","Y1-V1"
"15","ID-B24","Keramie",0.032,2,0.0375,2,"Y1","Y1-V1"
"16","ID-B26","Keramie",0.111,5,0.1125,1,"Y1","Y1-V1"
"17","ID-B26","Keramie",0.091,4,0.0875,1,"Y1","Y1-V1"
"18","ID-B26","Keramie",0.039,2,0.0375,3,"Y1","Y1-V1"
"19","ID-C03","Eoin",0.115,5,0.1125,2,"Y1","Y1-V1"
"20","ID-C04","Austin",0.082,4,0.0875,1,"Y1","Y1-V1"
"21","ID-C04","Austin",0.059,3,0.0625,3,"Y1","Y1-V1"
"22","ID-C04","Austin",0.087,4,0.0875,1,"Y1","Y1-V1"
"23","ID-C04","Austin",0.113,5,0.1125,2,"Y1","Y1-V1"
"24","ID-C04","Austin",0.122,5,0.1125,1,"Y1","Y1-V1"
"25","ID-C04","Austin",0.106,5,0.1125,1,"Y1","Y1-V1"
"26","ID-C04","Austin",0.087,4,0.0875,1,"Y1","Y1-V1"
"27","ID-C04","Austin",0.112,5,0.1125,2,"Y1","Y1-V1"
"28","ID-C04","Austin",0.116,5,0.1125,1,"Y1","Y1-V1"
"29","ID-C04","Austin",0.091,4,0.0875,2,"Y1","Y1-V1"
"30","ID-C04","Austin",0.078,4,0.0875,2,"Y1","Y1-V1"
"31","ID-C07","Keramie",0.036,2,0.0375,1,"Y1","Y1-V1"
"32","ID-C07","Keramie",0.04,2,0.0375,2,"Y1","Y1-V1"
"33","ID-C07","Keramie",0.05,2,0.0375,1,"Y1","Y1-V1"
"34","ID-C07","Keramie",0.07,3,0.0625,2,"Y1","Y1-V1"
"35","ID-C07","Keramie",0.085,4,0.0875,1,"Y1","Y1-V1"
"36","ID-C07","Keramie",0.085,4,0.0875,1,"Y1","Y1-V1"
"37","ID-C07","Keramie",0.091,4,0.0875,2,"Y1","Y1-V1"
"38","ID-C07","Keramie",0.076,4,0.0875,1,"Y1","Y1-V1"
"39","ID-C07","Keramie",0.105,5,0.1125,2,"Y1","Y1-V1"
"40","ID-C09","Ruger",0.07,3,0.0625,1,"Y1","Y1-V1"
"41","ID-C16","Keramie",0.12,5,0.1125,2,"Y1","Y1-V1"
"42","ID-C16","Keramie",0.06,3,0.0625,1,"Y1","Y1-V1"
"43","ID-C19","Eliza",0.075,3,0.0625,1,"Y1","Y1-V1"
"44","ID-C21","Ruger",0.12,5,0.1125,1,"Y1","Y1-V1"
"45","ID-C21","Ruger",0.096,4,0.0875,1,"Y1","Y1-V1"
"46","ID-C21","Ruger",0.106,5,0.1125,1,"Y1","Y1-V1"
"47","ID-C21","Ruger",0.079,4,0.0875,1,"Y1","Y1-V1"
"48","ID-C21","Ruger",0.113,5,0.1125,1,"Y1","Y1-V1"
"49","ID-C21","Ruger",0.097,4,0.0875,2,"Y1","Y1-V1"
"50","ID-C21","Ruger",0.118,5,0.1125,1,"Y1","Y1-V1"
"51","ID-C21","Ruger",0.079,4,0.0875,1,"Y1","Y1-V1"
"52","ID-C21","Ruger",0.088,4,0.0875,1,"Y1","Y1-V1"
"53","ID-C24","Eoin",0.105,5,0.1125,2,"Y1","Y1-V1"
"54","ID-C24","Eoin",0.085,4,0.0875,1,"Y1","Y1-V1"
"55","ID-C24","Eoin",0.105,5,0.1125,1,"Y1","Y1-V1"
"56","ID-C26","Keramie",0.035,2,0.0375,2,"Y1","Y1-V1"
"57","ID-C28","Ruger",0.097,4,0.0875,1,"Y1","Y1-V1"
"58","ID-C28","Ruger",0.12,5,0.1125,1,"Y1","Y1-V1"
"59","UT-B02","Austin",0.032,2,0.0375,3,"Y1","Y1-V1"
"60","UT-B16","Rory",0.075,3,0.0625,2,"Y1","Y1-V1"
"61","UT-B16","Rory",0.111,5,0.1125,2,"Y1","Y1-V1"
"62","UT-B24","Eliza",0.1,4,0.0875,1,"Y1","Y1-V1"
"63","UT-B24","Eliza",0.065,3,0.0625,1,"Y1","Y1-V1"
"64","UT-B24","Eliza",0.07,3,0.0625,1,"Y1","Y1-V1"
"65","UT-C01","Rory",0.079,4,0.0875,1,"Y1","Y1-V1"
"66","UT-C01","Rory",0.026,2,0.0375,1,"Y1","Y1-V1"
"67","UT-C15","Austin",0.116,5,0.1125,1,"Y1","Y1-V1"
"68","UT-C15","Austin",0.11,5,0.1125,1,"Y1","Y1-V1"
"69","UT-C16","Rory",0.067,3,0.0625,1,"Y1","Y1-V1"
"70","UT-C16","Rory",0.089,4,0.0875,1,"Y1","Y1-V1"
"71","UT-C16","Rory",0.109,5,0.1125,2,"Y1","Y1-V1"
"72","UT-C16","Rory",0.04,2,0.0375,1,"Y1","Y1-V1"
"73","UT-C16","Rory",0.029,2,0.0375,1,"Y1","Y1-V1"
"74","UT-C16","Rory",0.034,2,0.0375,2,"Y1","Y1-V1"
"75","UT-C16","Rory",0.093,4,0.0875,2,"Y1","Y1-V1"
"76","UT-C16","Rory",0.003,1,0.0125,2,"Y1","Y1-V1"
"77","UT-C16","Rory",0.113,5,0.1125,1,"Y1","Y1-V1"
"78","UT-C16","Rory",0.107,5,0.1125,2,"Y1","Y1-V1"
"79","UT-C16","Rory",0.065,3,0.0625,2,"Y1","Y1-V1"
"80","UT-C16","Rory",0.096,4,0.0875,1,"Y1","Y1-V1"
"81","UT-C16","Rory",0.11,5,0.1125,2,"Y1","Y1-V1"
"82","UT-C16","Rory",0.099,4,0.0875,1,"Y1","Y1-V1"
"83","UT-C17","Rory",0.03,2,0.0375,1,"Y1","Y1-V1"
"84","UT-C17","Rory",0.054,3,0.0625,1,"Y1","Y1-V1"
"85","UT-C17","Rory",0.034,2,0.0375,1,"Y1","Y1-V1"
"86","UT-C17","Rory",0.077,4,0.0875,1,"Y1","Y1-V1"
"87","UT-C17","Rory",0.044,2,0.0375,2,"Y1","Y1-V1"
"88","UT-C17","Rory",0.096,4,0.0875,2,"Y1","Y1-V1"
"89","UT-C17","Rory",0.105,5,0.1125,2,"Y1","Y1-V1"
"90","UT-C17","Rory",0.083,4,0.0875,1,"Y1","Y1-V1"
"91","UT-C17","Rory",0.045,2,0.0375,1,"Y1","Y1-V1"
"92","UT-C17","Rory",0.087,4,0.0875,1,"Y1","Y1-V1"
"93","UT-C17","Rory",0.042,2,0.0375,1,"Y1","Y1-V1"
"94","UT-C17","Rory",0.027,2,0.0375,3,"Y1","Y1-V1"
"95","UT-C17","Rory",0.028,2,0.0375,3,"Y1","Y1-V1"
"96","UT-C19","Ruger",0.044,2,0.0375,1,"Y1","Y1-V1"
"97","UT-C19","Ruger",0.124,5,0.1125,1,"Y1","Y1-V1"
"98","UT-C19","Ruger",0.12,5,0.1125,1,"Y1","Y1-V1"
"99","UT-C19","Ruger",0.07,3,0.0625,1,"Y1","Y1-V1"
"100","UT-C19","Ruger",0.09,4,0.0875,1,"Y1","Y1-V1"
"101","UT-C19","Ruger",0.12,5,0.1125,2,"Y1","Y1-V1"
"102","UT-C19","Ruger",0.125,5,0.1125,3,"Y1","Y1-V1"
"103","UT-C19","Ruger",0.115,5,0.1125,3,"Y1","Y1-V1"
"104","UT-C19","Ruger",0.08,4,0.0875,1,"Y1","Y1-V1"
"105","UT-C22","Eliza",0.068,3,0.0625,1,"Y1","Y1-V1"
"106","UT-C22","Eliza",0.1,4,0.0875,3,"Y1","Y1-V1"
"107","UT-C22","Eliza",0.09,4,0.0875,3,"Y1","Y1-V1"
"108","UT-C27","Ruger",0.021,1,0.0125,1,"Y1","Y1-V1"
"109","UT-C27","Ruger",0.07,3,0.0625,1,"Y1","Y1-V1"
"110","UT-C27","Ruger",0.069,3,0.0625,1,"Y1","Y1-V1"
"111","UT-C27","Ruger",0.08,4,0.0875,1,"Y1","Y1-V1"
"112","ID-B03","Ruger",0.108,5,0.1125,2,"Y1","Y1-V2"
"113","ID-B03","Ruger",0.097,4,0.0875,3,"Y1","Y1-V2"
"114","ID-B03","Ruger",0.094,4,0.0875,1,"Y1","Y1-V2"
"115","ID-B03","Ruger",0.077,4,0.0875,1,"Y1","Y1-V2"
"116","ID-B03","Ruger",0.08,4,0.0875,1,"Y1","Y1-V2"
"117","ID-B03","Ruger",0.123,5,0.1125,1,"Y1","Y1-V2"
"118","ID-B03","Ruger",0.084,4,0.0875,3,"Y1","Y1-V2"
"119","ID-B03","Ruger",0.103,5,0.1125,1,"Y1","Y1-V2"
"120","ID-B04","Rory",0.119,5,0.1125,2,"Y1","Y1-V2"
"121","ID-B07","Keramie",0.088,4,0.0875,3,"Y1","Y1-V2"
"122","ID-B07","Keramie",0.055,3,0.0625,1,"Y1","Y1-V2"
"123","ID-B13","Rory",0.072,3,0.0625,1,"Y1","Y1-V2"
"124","ID-B13","Rory",0.069,3,0.0625,3,"Y1","Y1-V2"
"125","ID-B16","Rory",0.021,1,0.0125,3,"Y1","Y1-V2"
"126","ID-B24","Ruger",0.083,4,0.0875,1,"Y1","Y1-V2"
"127","ID-C03","Austin",0.011,1,0.0125,2,"Y1","Y1-V2"
"128","ID-C03","Austin",0.108,5,0.1125,1,"Y1","Y1-V2"
"129","ID-C03","Austin",0.095,4,0.0875,3,"Y1","Y1-V2"
"130","ID-C03","Austin",0.021,1,0.0125,3,"Y1","Y1-V2"
"131","ID-C03","Austin",0.067,3,0.0625,3,"Y1","Y1-V2"
"132","ID-C04","Ruger",0.093,4,0.0875,1,"Y1","Y1-V2"
"133","ID-C04","Ruger",0.096,4,0.0875,1,"Y1","Y1-V2"
"134","ID-C04","Ruger",0.089,4,0.0875,2,"Y1","Y1-V2"
"135","ID-C04","Ruger",0.02,1,0.0125,1,"Y1","Y1-V2"
"136","ID-C04","Ruger",0.051,3,0.0625,1,"Y1","Y1-V2"
"137","ID-C04","Ruger",0.041,2,0.0375,1,"Y1","Y1-V2"
"138","ID-C04","Ruger",0.055,3,0.0625,1,"Y1","Y1-V2"
"139","ID-C07","Eoin",0.115,5,0.1125,1,"Y1","Y1-V2"
"140","ID-C07","Eoin",0.055,3,0.0625,2,"Y1","Y1-V2"
"141","ID-C07","Eoin",0.055,3,0.0625,1,"Y1","Y1-V2"
"142","ID-C12","Austin",0.112,5,0.1125,1,"Y1","Y1-V2"
"143","ID-C12","Austin",0.097,4,0.0875,1,"Y1","Y1-V2"
"144","ID-C12","Austin",0.068,3,0.0625,2,"Y1","Y1-V2"
"145","ID-C12","Austin",0.072,3,0.0625,2,"Y1","Y1-V2"
"146","ID-C12","Austin",0.087,4,0.0875,2,"Y1","Y1-V2"
"147","ID-C12","Austin",0.114,5,0.1125,1,"Y1","Y1-V2"
"148","ID-C12","Austin",0.072,3,0.0625,1,"Y1","Y1-V2"
"149","ID-C13","Keramie",0.119,5,0.1125,1,"Y1","Y1-V2"
"150","ID-C13","Keramie",0.123,5,0.1125,2,"Y1","Y1-V2"
"151","ID-C15","Rory",0.084,4,0.0875,1,"Y1","Y1-V2"
"152","ID-C15","Rory",0.09,4,0.0875,2,"Y1","Y1-V2"
"153","ID-C15","Rory",0.117,5,0.1125,3,"Y1","Y1-V2"
"154","ID-C15","Rory",0.106,5,0.1125,2,"Y1","Y1-V2"
"155","ID-C15","Rory",0.097,4,0.0875,3,"Y1","Y1-V2"
"156","ID-C15","Rory",0.1,4,0.0875,1,"Y1","Y1-V2"
"157","ID-C15","Rory",0.092,4,0.0875,1,"Y1","Y1-V2"
"158","ID-C15","Rory",0.071,3,0.0625,2,"Y1","Y1-V2"
"159","ID-C15","Rory",0.039,2,0.0375,3,"Y1","Y1-V2"
"160","ID-C15","Rory",0.069,3,0.0625,3,"Y1","Y1-V2"
"161","ID-C15","Rory",0.053,3,0.0625,1,"Y1","Y1-V2"
"162","ID-C15","Rory",0.038,2,0.0375,3,"Y1","Y1-V2"
"163","ID-C15","Rory",0.103,5,0.1125,1,"Y1","Y1-V2"
"164","ID-C16","Rory",0.082,4,0.0875,1,"Y1","Y1-V2"
"165","ID-C16","Rory",0.096,4,0.0875,1,"Y1","Y1-V2"
"166","ID-C16","Rory",0.063,3,0.0625,1,"Y1","Y1-V2"
"167","ID-C16","Rory",0.084,4,0.0875,1,"Y1","Y1-V2"
"168","ID-C16","Rory",0.059,3,0.0625,1,"Y1","Y1-V2"
"169","ID-C21","Keramie",0.041,2,0.0375,3,"Y1","Y1-V2"
"170","ID-C21","Keramie",0.053,3,0.0625,3,"Y1","Y1-V2"
"171","ID-C21","Keramie",0.053,3,0.0625,3,"Y1","Y1-V2"
"172","ID-C21","Keramie",0.053,3,0.0625,3,"Y1","Y1-V2"
"173","ID-C21","Keramie",0.053,3,0.0625,3,"Y1","Y1-V2"
"174","ID-C21","Keramie",0.053,3,0.0625,3,"Y1","Y1-V2"
"175","ID-C21","Keramie",0.053,3,0.0625,3,"Y1","Y1-V2"
"176","ID-C21","Keramie",0.053,3,0.0625,3,"Y1","Y1-V2"
"177","ID-C21","Keramie",0.053,3,0.0625,3,"Y1","Y1-V2"
"178","ID-C21","Keramie",0.053,3,0.0625,3,"Y1","Y1-V2"
"179","ID-C21","Keramie",0.053,3,0.0625,3,"Y1","Y1-V2"
"180","ID-C21","Keramie",0.098,4,0.0875,3,"Y1","Y1-V2"
"181","ID-C21","Keramie",0.068,3,0.0625,2,"Y1","Y1-V2"
"182","ID-C21","Keramie",0.042,2,0.0375,3,"Y1","Y1-V2"
"183","ID-C22","Rory",0.068,3,0.0625,1,"Y1","Y1-V2"
"184","ID-C22","Rory",0.077,4,0.0875,2,"Y1","Y1-V2"
"185","ID-C22","Rory",0.118,5,0.1125,3,"Y1","Y1-V2"
"186","ID-C22","Rory",0.08,4,0.0875,1,"Y1","Y1-V2"
"187","ID-C22","Rory",0.1,4,0.0875,1,"Y1","Y1-V2"
"188","ID-C22","Rory",0.111,5,0.1125,1,"Y1","Y1-V2"
"189","ID-C22","Rory",0.09,4,0.0875,1,"Y1","Y1-V2"
"190","ID-C22","Rory",0.066,3,0.0625,1,"Y1","Y1-V2"
"191","ID-C22","Rory",0.105,5,0.1125,1,"Y1","Y1-V2"
"192","ID-C22","Rory",0.027,2,0.0375,1,"Y1","Y1-V2"
"193","ID-C22","Rory",0.059,3,0.0625,1,"Y1","Y1-V2"
"194","ID-C22","Rory",0.071,3,0.0625,1,"Y1","Y1-V2"
"195","ID-C22","Rory",0.079,4,0.0875,2,"Y1","Y1-V2"
"196","ID-C22","Rory",0.103,5,0.1125,1,"Y1","Y1-V2"
"197","ID-C22","Rory",0.097,4,0.0875,1,"Y1","Y1-V2"
"198","ID-C22","Rory",0.095,4,0.0875,2,"Y1","Y1-V2"
"199","ID-C22","Rory",0.122,5,0.1125,2,"Y1","Y1-V2"
"200","ID-C22","Rory",0.099,4,0.0875,3,"Y1","Y1-V2"
"201","ID-C22","Rory",0.122,5,0.1125,1,"Y1","Y1-V2"
"202","ID-C22","Rory",0.123,5,0.1125,3,"Y1","Y1-V2"
"203","ID-C26","Austin",0.075,3,0.0625,2,"Y1","Y1-V2"
"204","ID-C26","Austin",0.117,5,0.1125,2,"Y1","Y1-V2"
"205","ID-C26","Austin",0.105,5,0.1125,1,"Y1","Y1-V2"
"206","ID-C26","Austin",0.12,5,0.1125,1,"Y1","Y1-V2"
"207","ID-C26","Austin",0.117,5,0.1125,3,"Y1","Y1-V2"
"208","ID-C28","Rory",0.061,3,0.0625,1,"Y1","Y1-V2"
"209","ID-C28","Rory",0.08,4,0.0875,1,"Y1","Y1-V2"
"210","ID-C28","Rory",0.075,3,0.0625,1,"Y1","Y1-V2"
"211","ID-C28","Rory",0.105,5,0.1125,2,"Y1","Y1-V2"
"212","ID-C28","Rory",0.071,3,0.0625,1,"Y1","Y1-V2"
"213","ID-C28","Rory",0.111,5,0.1125,1,"Y1","Y1-V2"
"214","ID-C28","Rory",0.1,4,0.0875,2,"Y1","Y1-V2"
"215","ID-C28","Rory",0.057,3,0.0625,1,"Y1","Y1-V2"
"216","ID-C28","Rory",0.115,5,0.1125,1,"Y1","Y1-V2"
"217","ID-C28","Rory",0.124,5,0.1125,2,"Y1","Y1-V2"
"218","ID-C28","Rory",0.098,4,0.0875,1,"Y1","Y1-V2"
"219","ID-C28","Rory",0.1,4,0.0875,1,"Y1","Y1-V2"
"220","ID-C28","Rory",0.122,5,0.1125,1,"Y1","Y1-V2"
"221","UT-B16","Rory",0.075,3,0.0625,2,"Y1","Y1-V2"
"222","UT-B17","Rory",0.077,4,0.0875,2,"Y1","Y1-V2"
"223","UT-B17","Rory",0.065,3,0.0625,1,"Y1","Y1-V2"
"224","UT-B22","Austin",0.104,5,0.1125,3,"Y1","Y1-V2"
"225","UT-B24","Rory",0.091,4,0.0875,2,"Y1","Y1-V2"
"226","UT-B24","Rory",0.104,5,0.1125,1,"Y1","Y1-V2"
"227","UT-B24","Rory",0.105,5,0.1125,2,"Y1","Y1-V2"
"228","UT-B24","Rory",0.013,1,0.0125,1,"Y1","Y1-V2"
"229","UT-B24","Rory",0.123,5,0.1125,1,"Y1","Y1-V2"
"230","UT-B24","Rory",0.113,5,0.1125,1,"Y1","Y1-V2"
"231","UT-B24","Rory",0.109,5,0.1125,1,"Y1","Y1-V2"
"232","UT-C01","Eliza",0.1,4,0.0875,2,"Y1","Y1-V2"
"233","UT-C01","Eliza",0.08,4,0.0875,2,"Y1","Y1-V2"
"234","UT-C16","Austin",0.021,1,0.0125,1,"Y1","Y1-V2"
"235","UT-C16","Austin",0.078,4,0.0875,1,"Y1","Y1-V2"
"236","UT-C16","Austin",0.028,2,0.0375,1,"Y1","Y1-V2"
"237","UT-C16","Austin",0.113,5,0.1125,1,"Y1","Y1-V2"
"238","UT-C17","Austin",0.096,4,0.0875,1,"Y1","Y1-V2"
"239","UT-C17","Austin",0.081,4,0.0875,2,"Y1","Y1-V2"
"240","UT-C17","Austin",0.05,2,0.0375,1,"Y1","Y1-V2"
"241","UT-C17","Austin",0.111,5,0.1125,1,"Y1","Y1-V2"
"242","UT-C17","Austin",0.03,2,0.0375,1,"Y1","Y1-V2"
"243","UT-C19","Eliza",0.055,3,0.0625,1,"Y1","Y1-V2"
"244","UT-C19","Eliza",0.08,4,0.0875,3,"Y1","Y1-V2"
"245","UT-C19","Eliza",0.07,3,0.0625,1,"Y1","Y1-V2"
"246","UT-C19","Eliza",0.045,2,0.0375,2,"Y1","Y1-V2"
"247","UT-C19","Eliza",0.08,4,0.0875,2,"Y1","Y1-V2"
"248","UT-C19","Eliza",0.09,4,0.0875,2,"Y1","Y1-V2"
"249","UT-C19","Eliza",0.11,5,0.1125,2,"Y1","Y1-V2"
"250","UT-C22","Austin",0.083,4,0.0875,1,"Y1","Y1-V2"
"251","UT-C22","Austin",0.094,4,0.0875,1,"Y1","Y1-V2"
"252","UT-C22","Austin",0.076,4,0.0875,1,"Y1","Y1-V2"
"253","UT-C22","Austin",0.06,3,0.0625,1,"Y1","Y1-V2"
"254","UT-C22","Austin",0.117,5,0.1125,3,"Y1","Y1-V2"
"255","UT-C30","Rory",0.113,5,0.1125,2,"Y1","Y1-V2"
"256","ID-B03","Thea",0.125,5,0.1125,1,"Y2","Y2-V1"
"257","ID-B03","Thea",0.086,4,0.0875,2,"Y2","Y2-V1"
"258","ID-B03","Thea",0.069,3,0.0625,2,"Y2","Y2-V1"
"259","ID-B03","Thea",0.092,4,0.0875,1,"Y2","Y2-V1"
"260","ID-B03","Thea",0.049,2,0.0375,1,"Y2","Y2-V1"
"261","ID-B03","Thea",0.04,2,0.0375,3,"Y2","Y2-V1"
"262","ID-B26","Thea",0.1,4,0.0875,1,"Y2","Y2-V1"
"263","ID-B26","Thea",0.1,4,0.0875,1,"Y2","Y2-V1"
"264","ID-B26","Thea",0.05,2,0.0375,3,"Y2","Y2-V1"
"265","ID-B26","Thea",0.045,2,0.0375,1,"Y2","Y2-V1"
"266","ID-C04","Will",0.122,5,0.1125,3,"Y2","Y2-V1"
"267","ID-C04","Will",0.112,5,0.1125,1,"Y2","Y2-V1"
"268","ID-C04","Will",0.078,4,0.0875,1,"Y2","Y2-V1"
"269","ID-C04","Will",0.086,4,0.0875,1,"Y2","Y2-V1"
"270","ID-C04","Will",0.021,1,0.0125,1,"Y2","Y2-V1"
"271","ID-C13","Devin",0.053,3,0.0625,1,"Y2","Y2-V1"
"272","ID-C15","Thea",0.05,2,0.0375,1,"Y2","Y2-V1"
"273","ID-C16","Andrew",0.098,4,0.0875,3,"Y2","Y2-V1"
"274","ID-C16","Andrew",0.115,5,0.1125,1,"Y2","Y2-V1"
"275","ID-C19","Trey",0.058,3,0.0625,1,"Y2","Y2-V1"
"276","ID-C19","Trey",0.058,3,0.0625,1,"Y2","Y2-V1"
"277","ID-C19","Trey",0.047,2,0.0375,2,"Y2","Y2-V1"
"278","ID-C19","Trey",0.032,2,0.0375,2,"Y2","Y2-V1"
"279","ID-C19","Trey",0.074,3,0.0625,1,"Y2","Y2-V1"
"280","ID-C21","Andrew",0.1,4,0.0875,1,"Y2","Y2-V1"
"281","ID-C21","Andrew",0.05,2,0.0375,2,"Y2","Y2-V1"
"282","ID-C22","Devin",0.08,4,0.0875,3,"Y2","Y2-V1"
"283","ID-C22","Devin",0.075,3,0.0625,1,"Y2","Y2-V1"
"284","ID-C22","Devin",0.021,1,0.0125,2,"Y2","Y2-V1"
"285","ID-C24","Devin",0.071,3,0.0625,1,"Y2","Y2-V1"
"286","ID-C24","Devin",0.078,4,0.0875,3,"Y2","Y2-V1"
"287","ID-C24","Devin",0.038,2,0.0375,1,"Y2","Y2-V1"
"288","ID-C26","Will",0.077,4,0.0875,1,"Y2","Y2-V1"
"289","ID-C26","Will",0.12,5,0.1125,1,"Y2","Y2-V1"
"290","ID-C26","Will",0.086,4,0.0875,1,"Y2","Y2-V1"
"291","ID-C26","Will",0.122,5,0.1125,1,"Y2","Y2-V1"
"292","ID-C26","Will",0.026,2,0.0375,1,"Y2","Y2-V1"
"293","ID-C26","Will",0.069,3,0.0625,1,"Y2","Y2-V1"
"294","ID-C28","Rory",0.11,5,0.1125,3,"Y2","Y2-V1"
"295","ID-C28","Rory",0.1,4,0.0875,2,"Y2","Y2-V1"
"296","ID-C28","Rory",0.085,4,0.0875,2,"Y2","Y2-V1"
"297","ID-C28","Rory",0.082,4,0.0875,2,"Y2","Y2-V1"
"298","ID-C28","Rory",0.123,5,0.1125,2,"Y2","Y2-V1"
"299","UT-B15","Keramie",0.095,4,0.0875,1,"Y2","Y2-V1"
"300","UT-B15","Keramie",0.082,4,0.0875,3,"Y2","Y2-V1"
"301","UT-B15","Keramie",0.038,2,0.0375,2,"Y2","Y2-V1"
"302","UT-B15","Keramie",0.033,2,0.0375,2,"Y2","Y2-V1"
"303","UT-B15","Keramie",0.022,1,0.0125,3,"Y2","Y2-V1"
"304","UT-B15","Keramie",0.02,1,0.0125,1,"Y2","Y2-V1"
"305","UT-B15","Keramie",0.108,5,0.1125,2,"Y2","Y2-V1"
"306","UT-B15","Keramie",0.092,4,0.0875,3,"Y2","Y2-V1"
"307","UT-B15","Keramie",0.082,4,0.0875,2,"Y2","Y2-V1"
"308","UT-B15","Keramie",0.024,1,0.0125,1,"Y2","Y2-V1"
"309","UT-B15","Keramie",0.038,2,0.0375,2,"Y2","Y2-V1"
"310","UT-B15","Keramie",0.017,1,0.0125,3,"Y2","Y2-V1"
"311","UT-B15","Keramie",0.047,2,0.0375,2,"Y2","Y2-V1"
"312","UT-B15","Keramie",0.086,4,0.0875,2,"Y2","Y2-V1"
"313","UT-B15","Keramie",0.12,5,0.1125,1,"Y2","Y2-V1"
"314","UT-B15","Keramie",0.09,4,0.0875,1,"Y2","Y2-V1"
"315","UT-B17","Rory",0.08,4,0.0875,1,"Y2","Y2-V1"
"316","UT-B17","Rory",0.06,3,0.0625,1,"Y2","Y2-V1"
"317","UT-B17","Rory",0.1,4,0.0875,2,"Y2","Y2-V1"
"318","UT-B24","Anna",0.013,1,0.0125,1,"Y2","Y2-V1"
"319","UT-B24","Anna",0.118,5,0.1125,1,"Y2","Y2-V1"
"320","UT-B24","Anna",0.058,3,0.0625,2,"Y2","Y2-V1"
"321","UT-B24","Anna",0.068,3,0.0625,1,"Y2","Y2-V1"
"322","UT-B24","Anna",0.058,3,0.0625,1,"Y2","Y2-V1"
"323","UT-B24","Anna",0.072,3,0.0625,1,"Y2","Y2-V1"
"324","UT-B24","Anna",0.079,4,0.0875,2,"Y2","Y2-V1"
"325","UT-C01","Will",0.094,4,0.0875,2,"Y2","Y2-V1"
"326","UT-C01","Will",0.094,4,0.0875,2,"Y2","Y2-V1"
"327","UT-C01","Will",0.036,2,0.0375,2,"Y2","Y2-V1"
"328","UT-C01","Will",0.084,4,0.0875,2,"Y2","Y2-V1"
"329","UT-C15","Will",0.125,5,0.1125,1,"Y2","Y2-V1"
"330","UT-C15","Will",0.119,5,0.1125,2,"Y2","Y2-V1"
"331","UT-C17","Andrew",0.065,3,0.0625,2,"Y2","Y2-V1"
"332","UT-C17","Andrew",0.047,2,0.0375,2,"Y2","Y2-V1"
"333","UT-C17","Andrew",0.123,5,0.1125,1,"Y2","Y2-V1"
"334","UT-C17","Andrew",0.065,3,0.0625,2,"Y2","Y2-V1"
"335","UT-C19","Will",0.078,4,0.0875,2,"Y2","Y2-V1"
"336","UT-C19","Will",0.059,3,0.0625,2,"Y2","Y2-V1"
"337","UT-C19","Will",0.072,3,0.0625,1,"Y2","Y2-V1"
"338","UT-C19","Will",0.072,3,0.0625,1,"Y2","Y2-V1"
"339","UT-C19","Will",0.07,3,0.0625,2,"Y2","Y2-V1"
"340","UT-C19","Will",0.072,3,0.0625,1,"Y2","Y2-V1"
"341","UT-C19","Will",0.043,2,0.0375,1,"Y2","Y2-V1"
"342","UT-C19","Will",0.075,3,0.0625,1,"Y2","Y2-V1"
"343","UT-C19","Will",0.056,3,0.0625,2,"Y2","Y2-V1"
"344","UT-C19","Will",0.035,2,0.0375,1,"Y2","Y2-V1"
"345","UT-C19","Will",0.055,3,0.0625,2,"Y2","Y2-V1"
"346","UT-C19","Will",0.038,2,0.0375,1,"Y2","Y2-V1"
"347","UT-C19","Will",0.079,4,0.0875,2,"Y2","Y2-V1"
"348","UT-C19","Will",0.023,1,0.0125,1,"Y2","Y2-V1"
"349","UT-C19","Will",0.045,2,0.0375,1,"Y2","Y2-V1"
"350","UT-C19","Will",0.037,2,0.0375,1,"Y2","Y2-V1"
"351","UT-C22","Thea",0.089,4,0.0875,2,"Y2","Y2-V1"
"352","UT-C22","Thea",0.043,2,0.0375,1,"Y2","Y2-V1"
"353","UT-C24","Will",0.062,3,0.0625,1,"Y2","Y2-V1"
"354","UT-C24","Will",0.077,4,0.0875,1,"Y2","Y2-V1"
"355","UT-C24","Will",0.094,4,0.0875,1,"Y2","Y2-V1"
"356","UT-C24","Will",0.052,3,0.0625,2,"Y2","Y2-V1"
"357","UT-C24","Will",0.078,4,0.0875,2,"Y2","Y2-V1"
"358","UT-C25","Andrew",0.053,3,0.0625,1,"Y2","Y2-V1"
"359","UT-C25","Andrew",0.048,2,0.0375,2,"Y2","Y2-V1"
"360","UT-C25","Andrew",0.067,3,0.0625,1,"Y2","Y2-V1"
"361","UT-C25","Andrew",0.047,2,0.0375,1,"Y2","Y2-V1"
"362","UT-C27","Keramie",0.037,2,0.0375,2,"Y2","Y2-V1"
"363","UT-C27","Keramie",0.074,3,0.0625,3,"Y2","Y2-V1"
"364","UT-C30","Trey",0.1,4,0.0875,1,"Y2","Y2-V1"
"365","UT-C30","Trey",0.1,4,0.0875,1,"Y2","Y2-V1"
"366","ID-B03","Devin",0.027,2,0.0375,3,"Y2","Y2-V2"
"367","ID-B03","Devin",0.037,2,0.0375,1,"Y2","Y2-V2"
"368","ID-B21","Keramie",0.021,1,0.0125,2,"Y2","Y2-V2"
"369","ID-B21","Keramie",0.057,3,0.0625,2,"Y2","Y2-V2"
"370","ID-B21","Keramie",0.09,4,0.0875,3,"Y2","Y2-V2"
"371","ID-B26","Devin",0.021,1,0.0125,1,"Y2","Y2-V2"
"372","ID-B28","Keramie",0.052,3,0.0625,3,"Y2","Y2-V2"
"373","ID-B28","Keramie",0.063,3,0.0625,3,"Y2","Y2-V2"
"374","ID-B28","Keramie",0.113,5,0.1125,3,"Y2","Y2-V2"
"375","ID-C04","Devin",0.096,4,0.0875,1,"Y2","Y2-V2"
"376","ID-C04","Devin",0.092,4,0.0875,1,"Y2","Y2-V2"
"377","ID-C04","Devin",0.076,4,0.0875,3,"Y2","Y2-V2"
"378","ID-C09","Rory",0.095,4,0.0875,1,"Y2","Y2-V2"
"379","ID-C09","Rory",0.066,3,0.0625,1,"Y2","Y2-V2"
"380","ID-C09","Rory",0.066,3,0.0625,1,"Y2","Y2-V2"
"381","ID-C09","Rory",0.12,5,0.1125,1,"Y2","Y2-V2"
"382","ID-C09","Rory",0.082,4,0.0875,2,"Y2","Y2-V2"
"383","ID-C09","Rory",0.076,4,0.0875,1,"Y2","Y2-V2"
"384","ID-C09","Rory",0.089,4,0.0875,1,"Y2","Y2-V2"
"385","ID-C09","Rory",0.068,3,0.0625,2,"Y2","Y2-V2"
"386","ID-C09","Rory",0.092,4,0.0875,1,"Y2","Y2-V2"
"387","ID-C09","Rory",0.105,5,0.1125,2,"Y2","Y2-V2"
"388","ID-C12","Anna",0.03,2,0.0375,1,"Y2","Y2-V2"
"389","ID-C12","Anna",0.088,4,0.0875,1,"Y2","Y2-V2"
"390","ID-C16","Thea",0.109,5,0.1125,1,"Y2","Y2-V2"
"391","ID-C16","Thea",0.029,2,0.0375,2,"Y2","Y2-V2"
"392","ID-C16","Thea",0.107,5,0.1125,1,"Y2","Y2-V2"
"393","ID-C16","Thea",0.021,1,0.0125,1,"Y2","Y2-V2"
"394","ID-C16","Thea",0.075,3,0.0625,1,"Y2","Y2-V2"
"395","ID-C16","Thea",0.112,5,0.1125,2,"Y2","Y2-V2"
"396","ID-C19","Anna",0.047,2,0.0375,1,"Y2","Y2-V2"
"397","ID-C19","Anna",0.035,2,0.0375,1,"Y2","Y2-V2"
"398","ID-C19","Anna",0.071,3,0.0625,1,"Y2","Y2-V2"
"399","ID-C19","Anna",0.021,1,0.0125,2,"Y2","Y2-V2"
"400","ID-C19","Anna",0.102,5,0.1125,2,"Y2","Y2-V2"
"401","ID-C19","Anna",0.114,5,0.1125,1,"Y2","Y2-V2"
"402","ID-C19","Anna",0.047,2,0.0375,2,"Y2","Y2-V2"
"403","ID-C21","Thea",0.038,2,0.0375,1,"Y2","Y2-V2"
"404","ID-C21","Thea",0.092,4,0.0875,1,"Y2","Y2-V2"
"405","ID-C22","Rory",0.047,2,0.0375,1,"Y2","Y2-V2"
"406","ID-C22","Rory",0.083,4,0.0875,2,"Y2","Y2-V2"
"407","ID-C22","Rory",0.051,3,0.0625,1,"Y2","Y2-V2"
"408","ID-C22","Rory",0.066,3,0.0625,1,"Y2","Y2-V2"
"409","ID-C22","Rory",0.08,4,0.0875,1,"Y2","Y2-V2"
"410","ID-C22","Rory",0.087,4,0.0875,3,"Y2","Y2-V2"
"411","ID-C22","Rory",0.045,2,0.0375,1,"Y2","Y2-V2"
"412","ID-C22","Rory",0.03,2,0.0375,3,"Y2","Y2-V2"
"413","ID-C22","Rory",0.077,4,0.0875,3,"Y2","Y2-V2"
"414","ID-C24","Anna",0.065,3,0.0625,1,"Y2","Y2-V2"
"415","ID-C24","Anna",0.023,1,0.0125,1,"Y2","Y2-V2"
"416","ID-C24","Anna",0.108,5,0.1125,1,"Y2","Y2-V2"
"417","ID-C24","Anna",0.125,5,0.1125,1,"Y2","Y2-V2"
"418","ID-C26","Rory",0.125,5,0.1125,1,"Y2","Y2-V2"
"419","ID-C26","Rory",0.029,2,0.0375,1,"Y2","Y2-V2"
"420","ID-C26","Rory",0.077,4,0.0875,1,"Y2","Y2-V2"
"421","ID-C26","Rory",0.059,3,0.0625,1,"Y2","Y2-V2"
"422","ID-C26","Rory",0.076,4,0.0875,1,"Y2","Y2-V2"
"423","ID-C26","Rory",0.024,1,0.0125,1,"Y2","Y2-V2"
"424","ID-C26","Rory",0.068,3,0.0625,1,"Y2","Y2-V2"
"425","ID-C26","Rory",0.089,4,0.0875,2,"Y2","Y2-V2"
"426","ID-C26","Rory",0.037,2,0.0375,1,"Y2","Y2-V2"
"427","ID-C26","Rory",0.063,3,0.0625,1,"Y2","Y2-V2"
"428","ID-C26","Rory",0.086,4,0.0875,2,"Y2","Y2-V2"
"429","ID-C26","Rory",0.11,5,0.1125,2,"Y2","Y2-V2"
"430","ID-C26","Rory",0.078,4,0.0875,1,"Y2","Y2-V2"
"431","ID-C26","Rory",0.103,5,0.1125,2,"Y2","Y2-V2"
"432","ID-C26","Rory",0.085,4,0.0875,2,"Y2","Y2-V2"
"433","ID-C26","Rory",0.077,4,0.0875,2,"Y2","Y2-V2"
"434","ID-C26","Rory",0.125,5,0.1125,3,"Y2","Y2-V2"
"435","ID-C26","Rory",0.022,1,0.0125,1,"Y2","Y2-V2"
"436","ID-C26","Rory",0.087,4,0.0875,1,"Y2","Y2-V2"
"437","ID-C26","Rory",0.056,3,0.0625,1,"Y2","Y2-V2"
"438","ID-C26","Rory",0.092,4,0.0875,1,"Y2","Y2-V2"
"439","ID-C26","Rory",0.125,5,0.1125,2,"Y2","Y2-V2"
"440","ID-C26","Rory",0.064,3,0.0625,1,"Y2","Y2-V2"
"441","ID-C26","Rory",0.097,4,0.0875,2,"Y2","Y2-V2"
"442","ID-C28","Anna",0.023,1,0.0125,1,"Y2","Y2-V2"
"443","ID-C28","Anna",0.1,4,0.0875,1,"Y2","Y2-V2"
"444","UT-B15","Thea",0.117,5,0.1125,1,"Y2","Y2-V2"
"445","UT-B22","Thea",0.052,3,0.0625,1,"Y2","Y2-V2"
"446","UT-B22","Thea",0.047,2,0.0375,1,"Y2","Y2-V2"
"447","UT-B22","Thea",0.049,2,0.0375,1,"Y2","Y2-V2"
"448","UT-B22","Thea",0.064,3,0.0625,1,"Y2","Y2-V2"
"449","UT-B22","Thea",0.091,4,0.0875,1,"Y2","Y2-V2"
"450","UT-B22","Thea",0.055,3,0.0625,1,"Y2","Y2-V2"
"451","UT-B24","Thea",0.093,4,0.0875,1,"Y2","Y2-V2"
"452","UT-B24","Thea",0.119,5,0.1125,1,"Y2","Y2-V2"
"453","UT-B24","Thea",0.12,5,0.1125,1,"Y2","Y2-V2"
"454","UT-B24","Thea",0.036,2,0.0375,1,"Y2","Y2-V2"
"455","UT-C01","Rory",0.088,4,0.0875,1,"Y2","Y2-V2"
"456","UT-C01","Rory",0.125,5,0.1125,2,"Y2","Y2-V2"
"457","UT-C05","Anna",0.107,5,0.1125,2,"Y2","Y2-V2"
"458","UT-C05","Anna",0.049,2,0.0375,2,"Y2","Y2-V2"
"459","UT-C05","Anna",0.038,2,0.0375,1,"Y2","Y2-V2"
"460","UT-C05","Anna",0.096,4,0.0875,1,"Y2","Y2-V2"
"461","UT-C17","Devin",0.074,3,0.0625,1,"Y2","Y2-V2"
"462","UT-C19","Rory",0.042,2,0.0375,1,"Y2","Y2-V2"
"463","UT-C19","Rory",0.034,2,0.0375,1,"Y2","Y2-V2"
"464","UT-C19","Rory",0.083,4,0.0875,3,"Y2","Y2-V2"
"465","UT-C19","Rory",0.065,3,0.0625,1,"Y2","Y2-V2"
"466","UT-C19","Rory",0.045,2,0.0375,3,"Y2","Y2-V2"
"467","UT-C19","Will",0.093,4,0.0875,1,"Y2","Y2-V2"
"468","UT-C19","Will",0.094,4,0.0875,1,"Y2","Y2-V2"
"469","UT-C19","Rory",0.055,3,0.0625,1,"Y2","Y2-V2"
"470","UT-C19","Rory",0.093,4,0.0875,2,"Y2","Y2-V2"
"471","UT-C19","Rory",0.034,2,0.0375,3,"Y2","Y2-V2"
"472","UT-C19","Rory",0.045,2,0.0375,3,"Y2","Y2-V2"
"473","UT-C19","Rory",0.04,2,0.0375,1,"Y2","Y2-V2"
"474","UT-C19","Will",0.021,1,0.0125,1,"Y2","Y2-V2"
"475","UT-C19","Will",0.068,3,0.0625,1,"Y2","Y2-V2"
"476","UT-C19","Will",0.041,2,0.0375,2,"Y2","Y2-V2"
"477","UT-C19","Rory",0.045,2,0.0375,1,"Y2","Y2-V2"
"478","UT-C19","Rory",0.095,4,0.0875,1,"Y2","Y2-V2"
"479","UT-C19","Rory",0.11,5,0.1125,2,"Y2","Y2-V2"
"480","UT-C19","Rory",0.11,5,0.1125,1,"Y2","Y2-V2"
"481","UT-C19","Rory",0.055,3,0.0625,1,"Y2","Y2-V2"
"482","UT-C19","Will",0.021,1,0.0125,1,"Y2","Y2-V2"
"483","UT-C19","Will",0.09,4,0.0875,1,"Y2","Y2-V2"
"484","UT-C19","Will",0.097,4,0.0875,3,"Y2","Y2-V2"
"485","UT-C19","Will",0.059,3,0.0625,1,"Y2","Y2-V2"
"486","UT-C19","Will",0.109,5,0.1125,1,"Y2","Y2-V2"
"487","UT-C22","Devin",0.098,4,0.0875,2,"Y2","Y2-V2"
"488","UT-C22","Devin",0.082,4,0.0875,1,"Y2","Y2-V2"
"489","UT-C22","Devin",0.082,4,0.0875,1,"Y2","Y2-V2"
"490","UT-C24","Andrew",0.125,5,0.1125,3,"Y2","Y2-V2"
"491","UT-C24","Andrew",0.11,5,0.1125,2,"Y2","Y2-V2"
"492","UT-C24","Andrew",0.112,5,0.1125,3,"Y2","Y2-V2"
"493","UT-C24","Andrew",0.055,3,0.0625,1,"Y2","Y2-V2"
"494","UT-C25","Will",0.076,4,0.0875,2,"Y2","Y2-V2"
"495","UT-C30","Devin",0.069,3,0.0625,1,"Y2","Y2-V2"
"496","UT-C30","Devin",0.082,4,0.0875,3,"Y2","Y2-V2"
"497","UT-C30","Devin",0.105,5,0.1125,1,"Y2","Y2-V2"
"498","ID-B19","Emily",0.068,3,0.0625,1,"Y3","Y3-V1"
"499","ID-B19","Emily",0.087,4,0.0875,1,"Y3","Y3-V1"
"500","ID-B19","Emily",0.066,3,0.0625,2,"Y3","Y3-V1"
"501","ID-B19","Emily",0.089,4,0.0875,2,"Y3","Y3-V1"
"502","ID-B19","Emily",0.098,4,0.0875,3,"Y3","Y3-V1"
"503","ID-B19","Emily",0.032,2,0.0375,1,"Y3","Y3-V1"
"504","ID-B19","Emily",0.064,3,0.0625,1,"Y3","Y3-V1"
"505","ID-B19","Emily",0.065,3,0.0625,1,"Y3","Y3-V1"
"506","ID-B19","Emily",0.045,2,0.0375,1,"Y3","Y3-V1"
"507","ID-B19","Emily",0.096,4,0.0875,1,"Y3","Y3-V1"
"508","ID-B19","Emily",0.093,4,0.0875,2,"Y3","Y3-V1"
"509","ID-B19","Emily",0.105,5,0.1125,1,"Y3","Y3-V1"
"510","ID-B19","Emily",0.04,2,0.0375,1,"Y3","Y3-V1"
"511","ID-B19","Emily",0.087,4,0.0875,1,"Y3","Y3-V1"
"512","ID-B19","Emily",0.095,4,0.0875,1,"Y3","Y3-V1"
"513","ID-B22","Will",0.082,4,0.0875,1,"Y3","Y3-V1"
"514","ID-C03","Emily",0.097,4,0.0875,3,"Y3","Y3-V1"
"515","ID-C03","Emily",0.037,2,0.0375,1,"Y3","Y3-V1"
"516","ID-C03","Emily",0.068,3,0.0625,2,"Y3","Y3-V1"
"517","ID-C03","Emily",0.054,3,0.0625,2,"Y3","Y3-V1"
"518","ID-C07","Will",0.07,3,0.0625,1,"Y3","Y3-V1"
"519","ID-C07","Will",0.081,4,0.0875,1,"Y3","Y3-V1"
"520","ID-C07","Will",0.096,4,0.0875,2,"Y3","Y3-V1"
"521","ID-C11","Holden",0.045,2,0.0375,1,"Y3","Y3-V1"
"522","ID-C11","Holden",0.037,2,0.0375,3,"Y3","Y3-V1"
"523","ID-C11","Holden",0.033,2,0.0375,1,"Y3","Y3-V1"
"524","ID-C12","Rory",0.084,4,0.0875,3,"Y3","Y3-V1"
"525","ID-C12","Rory",0.052,3,0.0625,1,"Y3","Y3-V1"
"526","ID-C12","Rory",0.04,2,0.0375,3,"Y3","Y3-V1"
"527","ID-C13","Rory",0.074,3,0.0625,1,"Y3","Y3-V1"
"528","ID-C13","Rory",0.114,5,0.1125,2,"Y3","Y3-V1"
"529","ID-C13","Rory",0.028,2,0.0375,1,"Y3","Y3-V1"
"530","ID-C13","Rory",0.088,4,0.0875,1,"Y3","Y3-V1"
"531","ID-C13","Rory",0.112,5,0.1125,1,"Y3","Y3-V1"
"532","ID-C13","Rory",0.041,2,0.0375,2,"Y3","Y3-V1"
"533","ID-C13","Rory",0.036,2,0.0375,1,"Y3","Y3-V1"
"534","ID-C13","Rory",0.117,5,0.1125,2,"Y3","Y3-V1"
"535","ID-C13","Rory",0.077,4,0.0875,2,"Y3","Y3-V1"
"536","ID-C13","Rory",0.044,2,0.0375,2,"Y3","Y3-V1"
"537","ID-C15","Thomas",0.054,3,0.0625,1,"Y3","Y3-V1"
"538","ID-C15","Thomas",0.025,1,0.0125,3,"Y3","Y3-V1"
"539","ID-C16","Holden",0.11,5,0.1125,3,"Y3","Y3-V1"
"540","ID-C16","Holden",0.045,2,0.0375,1,"Y3","Y3-V1"
"541","ID-C19","Ben",0.078,4,0.0875,2,"Y3","Y3-V1"
"542","ID-C19","Ben",0.036,2,0.0375,2,"Y3","Y3-V1"
"543","ID-C19","Ben",0.089,4,0.0875,1,"Y3","Y3-V1"
"544","ID-C19","Ben",0.056,3,0.0625,1,"Y3","Y3-V1"
"545","ID-C19","Ben",0.082,4,0.0875,1,"Y3","Y3-V1"
"546","ID-C19","Ben",0.061,3,0.0625,2,"Y3","Y3-V1"
"547","ID-C22","Rory",0.118,5,0.1125,2,"Y3","Y3-V1"
"548","ID-C22","Rory",0.117,5,0.1125,1,"Y3","Y3-V1"
"549","ID-C22","Rory",0.116,5,0.1125,1,"Y3","Y3-V1"
"550","ID-C22","Rory",0.104,5,0.1125,2,"Y3","Y3-V1"
"551","ID-C22","Rory",0.021,1,0.0125,2,"Y3","Y3-V1"
"552","ID-C22","Rory",0.101,5,0.1125,3,"Y3","Y3-V1"
"553","ID-C22","Rory",0.085,4,0.0875,1,"Y3","Y3-V1"
"554","ID-C22","Rory",0.028,2,0.0375,1,"Y3","Y3-V1"
"555","ID-C22","Rory",0.091,4,0.0875,1,"Y3","Y3-V1"
"556","ID-C22","Rory",0.085,4,0.0875,1,"Y3","Y3-V1"
"557","ID-C22","Rory",0.046,2,0.0375,1,"Y3","Y3-V1"
"558","ID-C22","Rory",0.093,4,0.0875,1,"Y3","Y3-V1"
"559","ID-C22","Rory",0.031,2,0.0375,1,"Y3","Y3-V1"
"560","ID-C22","Rory",0.111,5,0.1125,2,"Y3","Y3-V1"
"561","ID-C22","Rory",0.091,4,0.0875,1,"Y3","Y3-V1"
"562","ID-C22","Rory",0.064,3,0.0625,1,"Y3","Y3-V1"
"563","ID-C22","Rory",0.08,4,0.0875,1,"Y3","Y3-V1"
"564","ID-C28","Rory",0.093,4,0.0875,1,"Y3","Y3-V1"
"565","ID-C28","Rory",0.021,1,0.0125,1,"Y3","Y3-V1"
"566","ID-C28","Rory",0.078,4,0.0875,1,"Y3","Y3-V1"
"567","UT-B05","Thomas",0.056,3,0.0625,2,"Y3","Y3-V1"
"568","UT-B15","Thomas",0.045,2,0.0375,2,"Y3","Y3-V1"
"569","UT-B16","Rory",0.085,4,0.0875,1,"Y3","Y3-V1"
"570","UT-B16","Rory",0.123,5,0.1125,3,"Y3","Y3-V1"
"571","UT-B24","Thomas",0.08,4,0.0875,1,"Y3","Y3-V1"
"572","UT-B24","Thomas",0.048,2,0.0375,1,"Y3","Y3-V1"
"573","UT-B24","Thomas",0.021,1,0.0125,1,"Y3","Y3-V1"
"574","UT-C05","Ben",0.066,3,0.0625,2,"Y3","Y3-V1"
"575","UT-C05","Ben",0.066,3,0.0625,3,"Y3","Y3-V1"
"576","UT-C08","Will",0.113,5,0.1125,2,"Y3","Y3-V1"
"577","UT-C15","Emily",0.087,4,0.0875,1,"Y3","Y3-V1"
"578","UT-C15","Emily",0.084,4,0.0875,1,"Y3","Y3-V1"
"579","UT-C15","Emily",0.067,3,0.0625,2,"Y3","Y3-V1"
"580","UT-C15","Emily",0.033,2,0.0375,3,"Y3","Y3-V1"
"581","UT-C16","Will",0.073,3,0.0625,1,"Y3","Y3-V1"
"582","UT-C16","Will",0.058,3,0.0625,1,"Y3","Y3-V1"
"583","UT-C16","Will",0.021,1,0.0125,1,"Y3","Y3-V1"
"584","UT-C17","Will",0.116,5,0.1125,1,"Y3","Y3-V1"
"585","UT-C17","Will",0.029,2,0.0375,2,"Y3","Y3-V1"
"586","UT-C17","Will",0.059,3,0.0625,1,"Y3","Y3-V1"
"587","UT-C17","Will",0.107,5,0.1125,1,"Y3","Y3-V1"
"588","UT-C17","Will",0.076,4,0.0875,1,"Y3","Y3-V1"
"589","UT-C17","Will",0.102,5,0.1125,1,"Y3","Y3-V1"
"590","UT-C17","Will",0.088,4,0.0875,1,"Y3","Y3-V1"
"591","UT-C19","Holden",0.07,3,0.0625,2,"Y3","Y3-V1"
"592","UT-C19","Holden",0.064,3,0.0625,2,"Y3","Y3-V1"
"593","UT-C19","Holden",0.015,1,0.0125,1,"Y3","Y3-V1"
"594","UT-C19","Holden",0.1,4,0.0875,1,"Y3","Y3-V1"
"595","UT-C19","Holden",0.045,2,0.0375,1,"Y3","Y3-V1"
"596","UT-C19","Holden",0.06,3,0.0625,1,"Y3","Y3-V1"
"597","UT-C19","Holden",0.075,3,0.0625,1,"Y3","Y3-V1"
"598","UT-C19","Holden",0.074,3,0.0625,3,"Y3","Y3-V1"
"599","UT-C19","Holden",0.045,2,0.0375,2,"Y3","Y3-V1"
"600","UT-C22","Thomas",0.1,4,0.0875,2,"Y3","Y3-V1"
"601","UT-C22","Thomas",0.038,2,0.0375,1,"Y3","Y3-V1"
"602","UT-C22","Thomas",0.071,3,0.0625,3,"Y3","Y3-V1"
"603","UT-C24","Ben",0.057,3,0.0625,2,"Y3","Y3-V1"
"604","UT-C24","Ben",0.115,5,0.1125,1,"Y3","Y3-V1"
"605","UT-C24","Ben",0.106,5,0.1125,2,"Y3","Y3-V1"
"606","UT-C24","Ben",0.088,4,0.0875,1,"Y3","Y3-V1"
"607","UT-C24","Ben",0.12,5,0.1125,1,"Y3","Y3-V1"
"608","UT-C24","Ben",0.044,2,0.0375,1,"Y3","Y3-V1"
"609","UT-C25","Rory",0.122,5,0.1125,2,"Y3","Y3-V1"
"610","UT-C27","Emily",0.057,3,0.0625,2,"Y3","Y3-V1"
"611","UT-C27","Emily",0.076,4,0.0875,2,"Y3","Y3-V1"
"612","UT-C27","Emily",0.086,4,0.0875,2,"Y3","Y3-V1"
"613","UT-C27","Emily",0.068,3,0.0625,2,"Y3","Y3-V1"
"614","UT-C27","Emily",0.052,3,0.0625,1,"Y3","Y3-V1"
"615","UT-C27","Emily",0.075,3,0.0625,1,"Y3","Y3-V1"
"616","UT-C27","Emily",0.023,1,0.0125,2,"Y3","Y3-V1"
"617","UT-C27","Emily",0.048,2,0.0375,1,"Y3","Y3-V1"
"618","UT-C27","Emily",0.064,3,0.0625,1,"Y3","Y3-V1"
"619","UT-C27","Emily",0.047,2,0.0375,1,"Y3","Y3-V1"
"620","UT-C27","Emily",0.052,3,0.0625,1,"Y3","Y3-V1"
"621","UT-C27","Emily",0.068,3,0.0625,1,"Y3","Y3-V1"
"622","UT-C27","Emily",0.052,3,0.0625,1,"Y3","Y3-V1"
"623","UT-C27","Emily",0.079,4,0.0875,1,"Y3","Y3-V1"
"624","UT-C27","Emily",0.064,3,0.0625,1,"Y3","Y3-V1"
"625","UT-C30","Emily",0.078,4,0.0875,2,"Y3","Y3-V1"
"626","UT-C30","Emily",0.038,2,0.0375,1,"Y3","Y3-V1"
"627","UT-C30","Emily",0.074,3,0.0625,1,"Y3","Y3-V1"
"628","UT-C30","Emily",0.042,2,0.0375,1,"Y3","Y3-V1"
"629","UT-C30","Emily",0.093,4,0.0875,1,"Y3","Y3-V1"
"630","UT-C30","Emily",0.057,3,0.0625,1,"Y3","Y3-V1"
"631","UT-C30","Emily",0.068,3,0.0625,1,"Y3","Y3-V1"
"632","UT-C30","Emily",0.04,2,0.0375,2,"Y3","Y3-V1"
"633","UT-C30","Emily",0.103,5,0.1125,1,"Y3","Y3-V1"
"634","UT-C30","Emily",0.096,4,0.0875,1,"Y3","Y3-V1"
"635","UT-C30","Emily",0.105,5,0.1125,1,"Y3","Y3-V1"
"636","UT-C30","Emily",0.075,3,0.0625,2,"Y3","Y3-V1"
"637","UT-C30","Emily",0.083,4,0.0875,2,"Y3","Y3-V1"
"638","ID-B03","Ben",0.056,3,0.0625,3,"Y3","Y3-V2"
"639","ID-B03","Ben",0.07,3,0.0625,3,"Y3","Y3-V2"
"640","ID-B03","Ben",0.083,4,0.0875,1,"Y3","Y3-V2"
"641","ID-B13","Rory",0.04,2,0.0375,2,"Y3","Y3-V2"
"642","ID-B16","Ben",0.082,4,0.0875,1,"Y3","Y3-V2"
"643","ID-B16","Ben",0.08,4,0.0875,2,"Y3","Y3-V2"
"644","ID-B16","Ben",0.063,3,0.0625,2,"Y3","Y3-V2"
"645","ID-B16","Ben",0.087,4,0.0875,2,"Y3","Y3-V2"
"646","ID-B16","Ben",0.111,5,0.1125,2,"Y3","Y3-V2"
"647","ID-B16","Ben",0.085,4,0.0875,2,"Y3","Y3-V2"
"648","ID-B16","Ben",0.081,4,0.0875,3,"Y3","Y3-V2"
"649","ID-B16","Ben",0.113,5,0.1125,1,"Y3","Y3-V2"
"650","ID-B16","Ben",0.086,4,0.0875,2,"Y3","Y3-V2"
"651","ID-B16","Ben",0.042,2,0.0375,1,"Y3","Y3-V2"
"652","ID-B16","Ben",0.043,2,0.0375,1,"Y3","Y3-V2"
"653","ID-B16","Ben",0.062,3,0.0625,2,"Y3","Y3-V2"
"654","ID-B16","Ben",0.027,2,0.0375,3,"Y3","Y3-V2"
"655","ID-B16","Ben",0.107,5,0.1125,2,"Y3","Y3-V2"
"656","ID-B16","Ben",0.052,3,0.0625,3,"Y3","Y3-V2"
"657","ID-B19","Will",0.077,4,0.0875,1,"Y3","Y3-V2"
"658","ID-B19","Will",0.067,3,0.0625,1,"Y3","Y3-V2"
"659","ID-B22","Rory",0.021,1,0.0125,2,"Y3","Y3-V2"
"660","ID-B22","Rory",0.112,5,0.1125,3,"Y3","Y3-V2"
"661","ID-B22","Rory",0.078,4,0.0875,1,"Y3","Y3-V2"
"662","ID-B24","Will",0.086,4,0.0875,1,"Y3","Y3-V2"
"663","ID-B26","Thomas",0.013,1,0.0125,3,"Y3","Y3-V2"
"664","ID-B26","Thomas",0.094,4,0.0875,2,"Y3","Y3-V2"
"665","ID-B26","Thomas",0.065,3,0.0625,1,"Y3","Y3-V2"
"666","ID-B26","Thomas",0.073,3,0.0625,2,"Y3","Y3-V2"
"667","ID-B28","Ben",0.112,5,0.1125,1,"Y3","Y3-V2"
"668","ID-B28","Ben",0.089,4,0.0875,3,"Y3","Y3-V2"
"669","ID-C03","Holden",0.04,2,0.0375,2,"Y3","Y3-V2"
"670","ID-C03","Holden",0.045,2,0.0375,2,"Y3","Y3-V2"
"671","ID-C04","Aidan",0.02,1,0.0125,1,"Y3","Y3-V2"
"672","ID-C07","Emily",0.072,3,0.0625,2,"Y3","Y3-V2"
"673","ID-C07","Emily",0.038,2,0.0375,1,"Y3","Y3-V2"
"674","ID-C07","Emily",0.106,5,0.1125,2,"Y3","Y3-V2"
"675","ID-C07","Emily",0.095,4,0.0875,2,"Y3","Y3-V2"
"676","ID-C07","Emily",0.099,4,0.0875,2,"Y3","Y3-V2"
"677","ID-C09","Holden",0.04,2,0.0375,1,"Y3","Y3-V2"
"678","ID-C09","Holden",0.05,2,0.0375,3,"Y3","Y3-V2"
"679","ID-C09","Holden",0.045,2,0.0375,1,"Y3","Y3-V2"
"680","ID-C12","Thomas",0.048,2,0.0375,1,"Y3","Y3-V2"
"681","ID-C12","Thomas",0.058,3,0.0625,2,"Y3","Y3-V2"
"682","ID-C12","Thomas",0.031,2,0.0375,2,"Y3","Y3-V2"
"683","ID-C12","Thomas",0.053,3,0.0625,3,"Y3","Y3-V2"
"684","ID-C12","Thomas",0.043,2,0.0375,1,"Y3","Y3-V2"
"685","ID-C12","Thomas",0.028,2,0.0375,1,"Y3","Y3-V2"
"686","ID-C12","Thomas",0.042,2,0.0375,3,"Y3","Y3-V2"
"687","ID-C12","Thomas",0.068,3,0.0625,2,"Y3","Y3-V2"
"688","ID-C12","Thomas",0.052,3,0.0625,1,"Y3","Y3-V2"
"689","ID-C12","Thomas",0.052,3,0.0625,2,"Y3","Y3-V2"
"690","ID-C12","Thomas",0.048,2,0.0375,1,"Y3","Y3-V2"
"691","ID-C12","Thomas",0.081,4,0.0875,1,"Y3","Y3-V2"
"692","ID-C13","Holden",0.035,2,0.0375,1,"Y3","Y3-V2"
"693","ID-C13","Holden",0.025,1,0.0125,1,"Y3","Y3-V2"
"694","ID-C13","Holden",0.03,2,0.0375,2,"Y3","Y3-V2"
"695","ID-C13","Holden",0.04,2,0.0375,1,"Y3","Y3-V2"
"696","ID-C13","Holden",0.055,3,0.0625,3,"Y3","Y3-V2"
"697","ID-C13","Holden",0.04,2,0.0375,1,"Y3","Y3-V2"
"698","ID-C13","Holden",0.05,2,0.0375,1,"Y3","Y3-V2"
"699","ID-C13","Holden",0.06,3,0.0625,3,"Y3","Y3-V2"
"700","ID-C13","Holden",0.04,2,0.0375,2,"Y3","Y3-V2"
"701","ID-C13","Holden",0.04,2,0.0375,1,"Y3","Y3-V2"
"702","ID-C13","Holden",0.055,3,0.0625,2,"Y3","Y3-V2"
"703","ID-C15","Will",0.093,4,0.0875,1,"Y3","Y3-V2"
"704","ID-C15","Will",0.116,5,0.1125,1,"Y3","Y3-V2"
"705","ID-C15","Will",0.072,3,0.0625,1,"Y3","Y3-V2"
"706","ID-C16","Emily",0.098,4,0.0875,1,"Y3","Y3-V2"
"707","ID-C16","Emily",0.079,4,0.0875,1,"Y3","Y3-V2"
"708","ID-C16","Emily",0.076,4,0.0875,2,"Y3","Y3-V2"
"709","ID-C16","Emily",0.085,4,0.0875,2,"Y3","Y3-V2"
"710","ID-C16","Emily",0.073,3,0.0625,2,"Y3","Y3-V2"
"711","ID-C16","Emily",0.082,4,0.0875,3,"Y3","Y3-V2"
"712","ID-C16","Emily",0.071,3,0.0625,3,"Y3","Y3-V2"
"713","ID-C16","Emily",0.071,3,0.0625,1,"Y3","Y3-V2"
"714","ID-C16","Emily",0.086,4,0.0875,1,"Y3","Y3-V2"
"715","ID-C16","Emily",0.052,3,0.0625,1,"Y3","Y3-V2"
"716","ID-C16","Emily",0.065,3,0.0625,2,"Y3","Y3-V2"
"717","ID-C16","Emily",0.043,2,0.0375,2,"Y3","Y3-V2"
"718","ID-C16","Emily",0.074,3,0.0625,2,"Y3","Y3-V2"
"719","ID-C16","Emily",0.063,3,0.0625,2,"Y3","Y3-V2"
"720","ID-C16","Emily",0.06,3,0.0625,1,"Y3","Y3-V2"
"721","ID-C16","Emily",0.072,3,0.0625,2,"Y3","Y3-V2"
"722","ID-C16","Emily",0.03,2,0.0375,1,"Y3","Y3-V2"
"723","ID-C16","Emily",0.07,3,0.0625,2,"Y3","Y3-V2"
"724","ID-C16","Emily",0.086,4,0.0875,2,"Y3","Y3-V2"
"725","ID-C16","Emily",0.086,4,0.0875,1,"Y3","Y3-V2"
"726","ID-C16","Emily",0.103,5,0.1125,2,"Y3","Y3-V2"
"727","ID-C16","Emily",0.054,3,0.0625,1,"Y3","Y3-V2"
"728","ID-C16","Emily",0.068,3,0.0625,2,"Y3","Y3-V2"
"729","ID-C19","Aidan",0.1,4,0.0875,1,"Y3","Y3-V2"
"730","ID-C19","Aidan",0.045,2,0.0375,1,"Y3","Y3-V2"
"731","ID-C19","Aidan",0.035,2,0.0375,2,"Y3","Y3-V2"
"732","ID-C19","Aidan",0.025,1,0.0125,1,"Y3","Y3-V2"
"733","ID-C19","Aidan",0.035,2,0.0375,3,"Y3","Y3-V2"
"734","ID-C19","Aidan",0.1,4,0.0875,2,"Y3","Y3-V2"
"735","ID-C19","Aidan",0.025,1,0.0125,3,"Y3","Y3-V2"
"736","ID-C19","Aidan",0.12,5,0.1125,1,"Y3","Y3-V2"
"737","ID-C19","Aidan",0.04,2,0.0375,1,"Y3","Y3-V2"
"738","ID-C21","Will",0.021,1,0.0125,1,"Y3","Y3-V2"
"739","ID-C21","Will",0.021,1,0.0125,3,"Y3","Y3-V2"
"740","ID-C21","Will",0.118,5,0.1125,1,"Y3","Y3-V2"
"741","ID-C21","Will",0.123,5,0.1125,1,"Y3","Y3-V2"
"742","ID-C22","Thomas",0.031,2,0.0375,1,"Y3","Y3-V2"
"743","ID-C22","Thomas",0.028,2,0.0375,3,"Y3","Y3-V2"
"744","ID-C22","Thomas",0.019,1,0.0125,1,"Y3","Y3-V2"
"745","ID-C22","Thomas",0.028,2,0.0375,1,"Y3","Y3-V2"
"746","ID-C22","Thomas",0.042,2,0.0375,3,"Y3","Y3-V2"
"747","ID-C23","Emily",0.108,5,0.1125,1,"Y3","Y3-V2"
"748","ID-C24","Emily",0.042,2,0.0375,1,"Y3","Y3-V2"
"749","ID-C24","Emily",0.068,3,0.0625,2,"Y3","Y3-V2"
"750","ID-C24","Emily",0.105,5,0.1125,2,"Y3","Y3-V2"
"751","ID-C26","Aidan",0.039,2,0.0375,1,"Y3","Y3-V2"
"752","ID-C26","Aidan",0.03,2,0.0375,2,"Y3","Y3-V2"
"753","ID-C26","Aidan",0.045,2,0.0375,2,"Y3","Y3-V2"
"754","ID-C26","Aidan",0.069,3,0.0625,3,"Y3","Y3-V2"
"755","ID-C26","Aidan",0.04,2,0.0375,1,"Y3","Y3-V2"
"756","ID-C26","Aidan",0.033,2,0.0375,2,"Y3","Y3-V2"
"757","ID-C26","Aidan",0.039,2,0.0375,1,"Y3","Y3-V2"
"758","ID-C26","Aidan",0.1,4,0.0875,1,"Y3","Y3-V2"
"759","ID-C26","Aidan",0.038,2,0.0375,3,"Y3","Y3-V2"
"760","ID-C26","Aidan",0.06,3,0.0625,1,"Y3","Y3-V2"
"761","ID-C26","Aidan",0.045,2,0.0375,2,"Y3","Y3-V2"
"762","ID-C26","Aidan",0.065,3,0.0625,2,"Y3","Y3-V2"
"763","ID-C26","Aidan",0.026,2,0.0375,1,"Y3","Y3-V2"
"764","ID-C28","Will",0.039,2,0.0375,3,"Y3","Y3-V2"
"765","UT-B05","Ben",0.125,5,0.1125,3,"Y3","Y3-V2"
"766","UT-B05","Ben",0.021,1,0.0125,1,"Y3","Y3-V2"
"767","UT-B05","Ben",0.079,4,0.0875,3,"Y3","Y3-V2"
"768","UT-B05","Ben",0.107,5,0.1125,1,"Y3","Y3-V2"
"769","UT-B16","Will",0.12,5,0.1125,1,"Y3","Y3-V2"
"770","UT-B22","Thomas",0.088,4,0.0875,1,"Y3","Y3-V2"
"771","UT-B22","Thomas",0.052,3,0.0625,2,"Y3","Y3-V2"
"772","UT-B24","Emily",0.093,4,0.0875,1,"Y3","Y3-V2"
"773","UT-B24","Emily",0.096,4,0.0875,1,"Y3","Y3-V2"
"774","UT-B24","Emily",0.096,4,0.0875,1,"Y3","Y3-V2"
"775","UT-B24","Emily",0.087,4,0.0875,2,"Y3","Y3-V2"
"776","UT-B24","Emily",0.062,3,0.0625,3,"Y3","Y3-V2"
"777","UT-B24","Emily",0.103,5,0.1125,1,"Y3","Y3-V2"
"778","UT-B24","Emily",0.105,5,0.1125,1,"Y3","Y3-V2"
"779","UT-B24","Emily",0.084,4,0.0875,1,"Y3","Y3-V2"
"780","UT-B24","Emily",0.078,4,0.0875,1,"Y3","Y3-V2"
"781","UT-B24","Emily",0.049,2,0.0375,3,"Y3","Y3-V2"
"782","UT-B24","Emily",0.052,3,0.0625,1,"Y3","Y3-V2"
"783","UT-B24","Emily",0.068,3,0.0625,1,"Y3","Y3-V2"
"784","UT-B24","Emily",0.074,3,0.0625,2,"Y3","Y3-V2"
"785","UT-B24","Emily",0.086,4,0.0875,3,"Y3","Y3-V2"
"786","UT-B24","Emily",0.104,5,0.1125,1,"Y3","Y3-V2"
"787","UT-B24","Emily",0.047,2,0.0375,1,"Y3","Y3-V2"
"788","UT-B24","Emily",0.044,2,0.0375,1,"Y3","Y3-V2"
"789","UT-B24","Emily",0.068,3,0.0625,1,"Y3","Y3-V2"
"790","UT-B24","Emily",0.075,3,0.0625,1,"Y3","Y3-V2"
"791","UT-B24","Emily",0.089,4,0.0875,1,"Y3","Y3-V2"
"792","UT-B25","Thomas",0.084,4,0.0875,2,"Y3","Y3-V2"
"793","UT-C01","Emily",0.055,3,0.0625,1,"Y3","Y3-V2"
"794","UT-C01","Emily",0.024,1,0.0125,2,"Y3","Y3-V2"
"795","UT-C01","Emily",0.08,4,0.0875,2,"Y3","Y3-V2"
"796","UT-C02","Ben",0.03,2,0.0375,1,"Y3","Y3-V2"
"797","UT-C02","Ben",0.021,1,0.0125,2,"Y3","Y3-V2"
"798","UT-C05","Aidan",0.04,2,0.0375,1,"Y3","Y3-V2"
"799","UT-C05","Aidan",0.035,2,0.0375,3,"Y3","Y3-V2"
"800","UT-C05","Aidan",0.035,2,0.0375,1,"Y3","Y3-V2"
"801","UT-C05","Aidan",0.015,1,0.0125,1,"Y3","Y3-V2"
"802","UT-C05","Aidan",0.02,1,0.0125,1,"Y3","Y3-V2"
"803","UT-C05","Aidan",0.01,1,0.0125,1,"Y3","Y3-V2"
"804","UT-C05","Aidan",0.12,5,0.1125,1,"Y3","Y3-V2"
"805","UT-C06","Rory",0.124,5,0.1125,1,"Y3","Y3-V2"
"806","UT-C06","Rory",0.098,4,0.0875,3,"Y3","Y3-V2"
"807","UT-C15","Aidan",0.032,2,0.0375,1,"Y3","Y3-V2"
"808","UT-C15","Aidan",0.078,4,0.0875,1,"Y3","Y3-V2"
"809","UT-C16","Emily",0.098,4,0.0875,1,"Y3","Y3-V2"
"810","UT-C16","Emily",0.046,2,0.0375,1,"Y3","Y3-V2"
"811","UT-C16","Emily",0.061,3,0.0625,1,"Y3","Y3-V2"
"812","UT-C16","Emily",0.082,4,0.0875,1,"Y3","Y3-V2"
"813","UT-C16","Emily",0.085,4,0.0875,3,"Y3","Y3-V2"
"814","UT-C16","Emily",0.093,4,0.0875,3,"Y3","Y3-V2"
"815","UT-C16","Emily",0.083,4,0.0875,1,"Y3","Y3-V2"
"816","UT-C16","Emily",0.095,4,0.0875,1,"Y3","Y3-V2"
"817","UT-C16","Emily",0.065,3,0.0625,1,"Y3","Y3-V2"
"818","UT-C16","Emily",0.083,4,0.0875,1,"Y3","Y3-V2"
"819","UT-C16","Emily",0.078,4,0.0875,3,"Y3","Y3-V2"
"820","UT-C16","Emily",0.031,2,0.0375,1,"Y3","Y3-V2"
"821","UT-C16","Emily",0.063,3,0.0625,1,"Y3","Y3-V2"
"822","UT-C16","Emily",0.071,3,0.0625,1,"Y3","Y3-V2"
"823","UT-C16","Emily",0.035,2,0.0375,2,"Y3","Y3-V2"
"824","UT-C17","Rory",0.116,5,0.1125,1,"Y3","Y3-V2"
"825","UT-C17","Rory",0.108,5,0.1125,1,"Y3","Y3-V2"
"826","UT-C17","Rory",0.068,3,0.0625,1,"Y3","Y3-V2"
"827","UT-C17","Rory",0.059,3,0.0625,1,"Y3","Y3-V2"
"828","UT-C17","Rory",0.12,5,0.1125,1,"Y3","Y3-V2"
"829","UT-C17","Rory",0.103,5,0.1125,1,"Y3","Y3-V2"
"830","UT-C17","Rory",0.098,4,0.0875,1,"Y3","Y3-V2"
"831","UT-C17","Rory",0.114,5,0.1125,2,"Y3","Y3-V2"
"832","UT-C19","Aidan",0.09,4,0.0875,3,"Y3","Y3-V2"
"833","UT-C19","Aidan",0.05,2,0.0375,1,"Y3","Y3-V2"
"834","UT-C19","Aidan",0.045,2,0.0375,1,"Y3","Y3-V2"
"835","UT-C19","Aidan",0.08,4,0.0875,1,"Y3","Y3-V2"
"836","UT-C19","Aidan",0.06,3,0.0625,1,"Y3","Y3-V2"
"837","UT-C19","Aidan",0.08,4,0.0875,1,"Y3","Y3-V2"
"838","UT-C19","Aidan",0.07,3,0.0625,3,"Y3","Y3-V2"
"839","UT-C19","Aidan",0.06,3,0.0625,1,"Y3","Y3-V2"
"840","UT-C19","Aidan",0.1,4,0.0875,1,"Y3","Y3-V2"
"841","UT-C19","Aidan",0.06,3,0.0625,1,"Y3","Y3-V2"
"842","UT-C19","Aidan",0.06,3,0.0625,1,"Y3","Y3-V2"
"843","UT-C19","Aidan",0.015,1,0.0125,1,"Y3","Y3-V2"
"844","UT-C19","Aidan",0.01,1,0.0125,1,"Y3","Y3-V2"
"845","UT-C19","Aidan",0.06,3,0.0625,3,"Y3","Y3-V2"
"846","UT-C19","Aidan",0.12,5,0.1125,3,"Y3","Y3-V2"
"847","UT-C22","Ben",0.103,5,0.1125,1,"Y3","Y3-V2"
"848","UT-C22","Ben",0.086,4,0.0875,1,"Y3","Y3-V2"
"849","UT-C22","Ben",0.086,4,0.0875,1,"Y3","Y3-V2"
"850","UT-C22","Ben",0.073,3,0.0625,3,"Y3","Y3-V2"
"851","UT-C22","Ben",0.107,5,0.1125,3,"Y3","Y3-V2"
"852","UT-C22","Ben",0.088,4,0.0875,3,"Y3","Y3-V2"
"853","UT-C22","Ben",0.083,4,0.0875,1,"Y3","Y3-V2"
"854","UT-C22","Ben",0.078,4,0.0875,3,"Y3","Y3-V2"
"855","UT-C22","Ben",0.092,4,0.0875,1,"Y3","Y3-V2"
"856","UT-C22","Ben",0.079,4,0.0875,3,"Y3","Y3-V2"
"857","UT-C22","Ben",0.123,5,0.1125,1,"Y3","Y3-V2"
"858","UT-C22","Ben",0.071,3,0.0625,1,"Y3","Y3-V2"
"859","UT-C22","Ben",0.082,4,0.0875,1,"Y3","Y3-V2"
"860","UT-C22","Ben",0.057,3,0.0625,1,"Y3","Y3-V2"
"861","UT-C22","Ben",0.032,2,0.0375,3,"Y3","Y3-V2"
"862","UT-C22","Ben",0.111,5,0.1125,2,"Y3","Y3-V2"
"863","UT-C22","Ben",0.079,4,0.0875,1,"Y3","Y3-V2"
"864","UT-C22","Ben",0.077,4,0.0875,3,"Y3","Y3-V2"
"865","UT-C22","Ben",0.043,2,0.0375,1,"Y3","Y3-V2"
"866","UT-C22","Ben",0.038,2,0.0375,1,"Y3","Y3-V2"
"867","UT-C24","Will",0.12,5,0.1125,1,"Y3","Y3-V2"
"868","UT-C24","Will",0.082,4,0.0875,2,"Y3","Y3-V2"
"869","UT-C24","Will",0.065,3,0.0625,1,"Y3","Y3-V2"
"870","UT-C24","Will",0.113,5,0.1125,1,"Y3","Y3-V2"
"871","UT-C24","Will",0.024,1,0.0125,1,"Y3","Y3-V2"
"872","UT-C25","Will",0.122,5,0.1125,1,"Y3","Y3-V2"
"873","UT-C25","Will",0.019,1,0.0125,1,"Y3","Y3-V2"
"874","UT-C25","Will",0.021,1,0.0125,3,"Y3","Y3-V2"
"875","UT-C25","Will",0.122,5,0.1125,1,"Y3","Y3-V2"
"876","UT-C27","Thomas",0.031,2,0.0375,1,"Y3","Y3-V2"
"877","UT-C27","Thomas",0.095,4,0.0875,1,"Y3","Y3-V2"
"878","UT-C27","Thomas",0.046,2,0.0375,1,"Y3","Y3-V2"
"879","UT-C27","Thomas",0.038,2,0.0375,1,"Y3","Y3-V2"
"880","UT-C27","Thomas",0.013,1,0.0125,1,"Y3","Y3-V2"
"881","UT-C27","Thomas",0.039,2,0.0375,3,"Y3","Y3-V2"
"882","UT-C27","Thomas",0.062,3,0.0625,1,"Y3","Y3-V2"
"883","UT-C27","Thomas",0.058,3,0.0625,1,"Y3","Y3-V2"
"884","UT-C27","Thomas",0.064,3,0.0625,1,"Y3","Y3-V2"
"885","UT-C30","Thomas",0.072,3,0.0625,1,"Y3","Y3-V2"
"886","UT-C30","Thomas",0.049,2,0.0375,1,"Y3","Y3-V2"
"887","UT-C30","Thomas",0.064,3,0.0625,2,"Y3","Y3-V2"
"888","UT-C30","Thomas",0.071,3,0.0625,1,"Y3","Y3-V2"
"889","UT-C30","Thomas",0.114,5,0.1125,1,"Y3","Y3-V2"
