"","Observer.ID","Route.ID","Year","Visit","Date","Point.ID","Point.Start.Time","Shrub.Cover","Shrub.Height","Cheatgrass.Cover","Trees.Count","Species","Minute","Distance","How.Detected","Song.Also","Direction","Sex","Group.Size","Temp.Start","Temp.End","Wind.Start","Wind.End","Sky.End","X.Coord","Y.Coord","Notes"
"1","will_harrod","UT-B25","Y3","V1","20240514","03","05:52",2,"50-100cm",0,0,"GTTO",1,88,"S","","S","U",NA,6,14,1,2,"Clear",-113.997494196325,41.8424488864307,"Rangefinder broken. All diatances estimated . "
"2","will_harrod","UT-B25","Y3","V1","20240514","03","05:52",2,"50-100cm",0,0,"GTTO",1,92,"S","","NE","U",NA,6,14,1,2,"Clear",-113.997494196325,41.8424488864307,"Rangefinder broken. All diatances estimated . "
"3","will_harrod","UT-B25","Y3","V1","20240514","03","05:52",2,"50-100cm",0,0,"SPTO",1,80,"C","Y","N","U",NA,6,14,1,2,"Clear",-113.997494196325,41.8424488864307,"Rangefinder broken. All diatances estimated . "
"4","will_harrod","UT-B25","Y3","V1","20240514","03","05:52",2,"50-100cm",0,0,"BRSP",1,118,"S","","N","U",NA,6,14,1,2,"Clear",-113.997494196325,41.8424488864307,"Rangefinder broken. All diatances estimated . "
"5","will_harrod","UT-B25","Y3","V1","20240514","03","05:52",2,"50-100cm",0,0,"WEME",1,103,"S","","NE","U",NA,6,14,1,2,"Clear",-113.997494196325,41.8424488864307,"Rangefinder broken. All diatances estimated . "
"6","will_harrod","UT-B25","Y3","V1","20240514","03","05:52",2,"50-100cm",0,0,"WEME",1,120,"S","","W","U",NA,6,14,1,2,"Clear",-113.997494196325,41.8424488864307,"Rangefinder broken. All diatances estimated . "
"7","will_harrod","UT-B25","Y3","V1","20240514","03","05:52",2,"50-100cm",0,0,"BRSP",2,75,"S","","SE","U",NA,6,14,1,2,"Clear",-113.997494196325,41.8424488864307,"Rangefinder broken. All diatances estimated . "
"8","will_harrod","UT-B25","Y3","V1","20240514","03","05:52",2,"50-100cm",0,0,"VESP",2,65,"S","","NE","U",NA,6,14,1,2,"Clear",-113.997494196325,41.8424488864307,"Rangefinder broken. All diatances estimated . "
"9","will_harrod","UT-B25","Y3","V1","20240514","03","05:52",2,"50-100cm",0,0,"VESP",2,95,"S","","S","U",NA,6,14,1,2,"Clear",-113.997494196325,41.8424488864307,"Rangefinder broken. All diatances estimated . "
"10","will_harrod","UT-B25","Y3","V1","20240514","03","05:52",2,"50-100cm",0,0,"CHUK",1,380,"S","","N","U",NA,6,14,1,2,"Clear",-113.997494196325,41.8424488864307,"Rangefinder broken. All diatances estimated . "
"11","will_harrod","UT-B25","Y3","V1","20240514","03","05:52",2,"50-100cm",0,0,"CHUK",2,203,"S","","S","U",NA,6,14,1,2,"Clear",-113.997494196325,41.8424488864307,"Rangefinder broken. All diatances estimated . "
"12","will_harrod","UT-B25","Y3","V1","20240514","03","05:52",2,"50-100cm",0,0,"WEME",3,89,"S","","NE","U",NA,6,14,1,2,"Clear",-113.997494196325,41.8424488864307,"Rangefinder broken. All diatances estimated . "
"13","will_harrod","UT-B25","Y3","V1","20240514","03","05:52",2,"50-100cm",0,0,"ROWR",4,500,"S","","NW","U",NA,6,14,1,2,"Clear",-113.997494196325,41.8424488864307,"Rangefinder broken. All diatances estimated . "
"14","will_harrod","UT-B25","Y3","V1","20240514","03","05:52",2,"50-100cm",0,0,"VESP",4,115,"S","","NE","U",NA,6,14,1,2,"Clear",-113.997494196325,41.8424488864307,"Rangefinder broken. All diatances estimated . "
"15","will_harrod","UT-B25","Y3","V1","20240514","03","05:52",2,"50-100cm",0,0,"CHUK",5,650,"S","","NE","U",NA,6,14,1,2,"Clear",-113.997494196325,41.8424488864307,"Rangefinder broken. All diatances estimated . "
"16","will_harrod","UT-B25","Y3","V1","20240514","03","05:52",2,"50-100cm",0,0,"NOBI",6,NA,"","","","",NA,6,14,1,2,"Clear",-113.997494196325,41.8424488864307,"Rangefinder broken. All diatances estimated . "
"17","will_harrod","UT-B25","Y3","V1","20240514","04","06:06",2,"25-50cm",0,0,"GTTO",1,45,"S","","N","U",NA,6,14,1,2,"Clear",-113.994459818308,41.8422617833818,"Rangefinder broken. All diatances estimated . "
"18","will_harrod","UT-B25","Y3","V1","20240514","04","06:06",2,"25-50cm",0,0,"BRSP",1,163,"S","","NW","U",NA,6,14,1,2,"Clear",-113.994459818308,41.8422617833818,"Rangefinder broken. All diatances estimated . "
"19","will_harrod","UT-B25","Y3","V1","20240514","04","06:06",2,"25-50cm",0,0,"GTTO",1,90,"S","","N","U",NA,6,14,1,2,"Clear",-113.994459818308,41.8422617833818,"Rangefinder broken. All diatances estimated . "
"20","will_harrod","UT-B25","Y3","V1","20240514","04","06:06",2,"25-50cm",0,0,"ROWR",1,103,"S","","NE","U",NA,6,14,1,2,"Clear",-113.994459818308,41.8422617833818,"Rangefinder broken. All diatances estimated . "
"21","will_harrod","UT-B25","Y3","V1","20240514","04","06:06",2,"25-50cm",0,0,"ROWR",1,230,"S","","NW","U",NA,6,14,1,2,"Clear",-113.994459818308,41.8422617833818,"Rangefinder broken. All diatances estimated . "
"22","will_harrod","UT-B25","Y3","V1","20240514","04","06:06",2,"25-50cm",0,0,"WEME",1,112,"S","","NE","U",NA,6,14,1,2,"Clear",-113.994459818308,41.8422617833818,"Rangefinder broken. All diatances estimated . "
"23","will_harrod","UT-B25","Y3","V1","20240514","04","06:06",2,"25-50cm",0,0,"WEME",1,89,"S","","S","U",NA,6,14,1,2,"Clear",-113.994459818308,41.8422617833818,"Rangefinder broken. All diatances estimated . "
"24","will_harrod","UT-B25","Y3","V1","20240514","04","06:06",2,"25-50cm",0,0,"WEME",1,123,"S","","E","U",NA,6,14,1,2,"Clear",-113.994459818308,41.8422617833818,"Rangefinder broken. All diatances estimated . "
"25","will_harrod","UT-B25","Y3","V1","20240514","04","06:06",2,"25-50cm",0,0,"MODO",1,330,"S","","N","U",NA,6,14,1,2,"Clear",-113.994459818308,41.8422617833818,"Rangefinder broken. All diatances estimated . "
"26","will_harrod","UT-B25","Y3","V1","20240514","04","06:06",2,"25-50cm",0,0,"CHUK",1,345,"S","","N","U",NA,6,14,1,2,"Clear",-113.994459818308,41.8422617833818,"Rangefinder broken. All diatances estimated . "
"27","will_harrod","UT-B25","Y3","V1","20240514","04","06:06",2,"25-50cm",0,0,"CHUK",2,420,"S","","NE","U",NA,6,14,1,2,"Clear",-113.994459818308,41.8422617833818,"Rangefinder broken. All diatances estimated . "
"28","will_harrod","UT-B25","Y3","V1","20240514","04","06:06",2,"25-50cm",0,0,"WEME",2,131,"S","","S","U",NA,6,14,1,2,"Clear",-113.994459818308,41.8422617833818,"Rangefinder broken. All diatances estimated . "
"29","will_harrod","UT-B25","Y3","V1","20240514","04","06:06",2,"25-50cm",0,0,"SPTO",3,165,"C","","SE","U",NA,6,14,1,2,"Clear",-113.994459818308,41.8422617833818,"Rangefinder broken. All diatances estimated . "
"30","will_harrod","UT-B25","Y3","V1","20240514","04","06:06",2,"25-50cm",0,0,"GTTO",3,178,"S","","S","U",NA,6,14,1,2,"Clear",-113.994459818308,41.8422617833818,"Rangefinder broken. All diatances estimated . "
"31","will_harrod","UT-B25","Y3","V1","20240514","04","06:06",2,"25-50cm",0,0,"VESP",4,129,"S","","SW","U",NA,6,14,1,2,"Clear",-113.994459818308,41.8422617833818,"Rangefinder broken. All diatances estimated . "
"32","will_harrod","UT-B25","Y3","V1","20240514","04","06:06",2,"25-50cm",0,0,"MODO",5,190,"S","","NE","U",NA,6,14,1,2,"Clear",-113.994459818308,41.8422617833818,"Rangefinder broken. All diatances estimated . "
"33","will_harrod","UT-B25","Y3","V1","20240514","04","06:06",2,"25-50cm",0,0,"NOBI",6,NA,"","","","",NA,6,14,1,2,"Clear",-113.994459818308,41.8422617833818,"Rangefinder broken. All diatances estimated . "
"34","will_harrod","UT-B25","Y3","V1","20240514","05","06:21",1,"50-100cm",0,0,"WEME",1,128,"S","","E","U",NA,6,14,1,2,"Clear",-113.991484481986,41.8420500925864,"Rangefinder broken. All diatances estimated . "
"35","will_harrod","UT-B25","Y3","V1","20240514","05","06:21",1,"50-100cm",0,0,"WEME",1,67,"S","","SE","U",NA,6,14,1,2,"Clear",-113.991484481986,41.8420500925864,"Rangefinder broken. All diatances estimated . "
"36","will_harrod","UT-B25","Y3","V1","20240514","05","06:21",1,"50-100cm",0,0,"WEME",1,230,"S","","N","U",NA,6,14,1,2,"Clear",-113.991484481986,41.8420500925864,"Rangefinder broken. All diatances estimated . "
"37","will_harrod","UT-B25","Y3","V1","20240514","05","06:21",1,"50-100cm",0,0,"WEME",1,99,"S","","SW","U",NA,6,14,1,2,"Clear",-113.991484481986,41.8420500925864,"Rangefinder broken. All diatances estimated . "
"38","will_harrod","UT-B25","Y3","V1","20240514","05","06:21",1,"50-100cm",0,0,"ROWR",1,330,"S","","N","U",NA,6,14,1,2,"Clear",-113.991484481986,41.8420500925864,"Rangefinder broken. All diatances estimated . "
"39","will_harrod","UT-B25","Y3","V1","20240514","05","06:21",1,"50-100cm",0,0,"MODO",1,330,"S","","N","U",NA,6,14,1,2,"Clear",-113.991484481986,41.8420500925864,"Rangefinder broken. All diatances estimated . "
"40","will_harrod","UT-B25","Y3","V1","20240514","05","06:21",1,"50-100cm",0,0,"CHUK",1,490,"S","","NW","U",2,6,14,1,2,"Clear",-113.991484481986,41.8420500925864,"Rangefinder broken. All diatances estimated . "
"41","will_harrod","UT-B25","Y3","V1","20240514","05","06:21",1,"50-100cm",0,0,"CHUK",1,17,"V","","NW","U",NA,6,14,1,2,"Clear",-113.991484481986,41.8420500925864,"Rangefinder broken. All diatances estimated . "
"42","will_harrod","UT-B25","Y3","V1","20240514","05","06:21",1,"50-100cm",0,0,"CHSP",2,119,"S","","N","U",NA,6,14,1,2,"Clear",-113.991484481986,41.8420500925864,"Rangefinder broken. All diatances estimated . "
"43","will_harrod","UT-B25","Y3","V1","20240514","05","06:21",1,"50-100cm",0,0,"CHUK",2,107,"C","","SW","U",NA,6,14,1,2,"Clear",-113.991484481986,41.8420500925864,"Rangefinder broken. All diatances estimated . "
"44","will_harrod","UT-B25","Y3","V1","20240514","05","06:21",1,"50-100cm",0,0,"VESP",2,65,"S","","E","U",NA,6,14,1,2,"Clear",-113.991484481986,41.8420500925864,"Rangefinder broken. All diatances estimated . "
"45","will_harrod","UT-B25","Y3","V1","20240514","05","06:21",1,"50-100cm",0,0,"SPTO",3,166,"C","","N","U",NA,6,14,1,2,"Clear",-113.991484481986,41.8420500925864,"Rangefinder broken. All diatances estimated . "
"46","will_harrod","UT-B25","Y3","V1","20240514","05","06:21",1,"50-100cm",0,0,"BRBL",4,146,"S","","N","U",NA,6,14,1,2,"Clear",-113.991484481986,41.8420500925864,"Rangefinder broken. All diatances estimated . "
"47","will_harrod","UT-B25","Y3","V1","20240514","05","06:21",1,"50-100cm",0,0,"ROWR",5,525,"S","","NW","U",NA,6,14,1,2,"Clear",-113.991484481986,41.8420500925864,"Rangefinder broken. All diatances estimated . "
"48","will_harrod","UT-B25","Y3","V1","20240514","05","06:21",1,"50-100cm",0,0,"NOBI",6,NA,"","","","",NA,6,14,1,2,"Clear",-113.991484481986,41.8420500925864,"Rangefinder broken. All diatances estimated . "
"49","will_harrod","UT-B25","Y3","V1","20240514","10","06:37",1,"25-50cm",0,0,"BRSP",1,85,"S","","W","U",NA,6,14,1,2,"Clear",-113.991690637558,41.8398121704609,"Rangefinder broken. All diatances estimated . "
"50","will_harrod","UT-B25","Y3","V1","20240514","10","06:37",1,"25-50cm",0,0,"BRSP",1,90,"S","","SW","U",NA,6,14,1,2,"Clear",-113.991690637558,41.8398121704609,"Rangefinder broken. All diatances estimated . "
"51","will_harrod","UT-B25","Y3","V1","20240514","10","06:37",1,"25-50cm",0,0,"VESP",1,33,"S","","NE","U",NA,6,14,1,2,"Clear",-113.991690637558,41.8398121704609,"Rangefinder broken. All diatances estimated . "
"52","will_harrod","UT-B25","Y3","V1","20240514","10","06:37",1,"25-50cm",0,0,"VESP",1,75,"S","","SE","U",NA,6,14,1,2,"Clear",-113.991690637558,41.8398121704609,"Rangefinder broken. All diatances estimated . "
"53","will_harrod","UT-B25","Y3","V1","20240514","10","06:37",1,"25-50cm",0,0,"VESP",1,117,"S","","W","U",NA,6,14,1,2,"Clear",-113.991690637558,41.8398121704609,"Rangefinder broken. All diatances estimated . "
"54","will_harrod","UT-B25","Y3","V1","20240514","10","06:37",1,"25-50cm",0,0,"WEME",1,122,"S","","E","U",NA,6,14,1,2,"Clear",-113.991690637558,41.8398121704609,"Rangefinder broken. All diatances estimated . "
"55","will_harrod","UT-B25","Y3","V1","20240514","10","06:37",1,"25-50cm",0,0,"WEME",1,99,"S","","NE","U",NA,6,14,1,2,"Clear",-113.991690637558,41.8398121704609,"Rangefinder broken. All diatances estimated . "
"56","will_harrod","UT-B25","Y3","V1","20240514","10","06:37",1,"25-50cm",0,0,"WEME",1,145,"S","","W","U",NA,6,14,1,2,"Clear",-113.991690637558,41.8398121704609,"Rangefinder broken. All diatances estimated . "
"57","will_harrod","UT-B25","Y3","V1","20240514","10","06:37",1,"25-50cm",0,0,"GTTO",1,88,"S","","W","U",NA,6,14,1,2,"Clear",-113.991690637558,41.8398121704609,"Rangefinder broken. All diatances estimated . "
"58","will_harrod","UT-B25","Y3","V1","20240514","10","06:37",1,"25-50cm",0,0,"CHUK",2,688,"S","","N","U",NA,6,14,1,2,"Clear",-113.991690637558,41.8398121704609,"Rangefinder broken. All diatances estimated . "
"59","will_harrod","UT-B25","Y3","V1","20240514","10","06:37",1,"25-50cm",0,0,"CHUK",3,240,"S","","W","U",NA,6,14,1,2,"Clear",-113.991690637558,41.8398121704609,"Rangefinder broken. All diatances estimated . "
"60","will_harrod","UT-B25","Y3","V1","20240514","10","06:37",1,"25-50cm",0,0,"LAZB",4,80,"S","","W","U",NA,6,14,1,2,"Clear",-113.991690637558,41.8398121704609,"Rangefinder broken. All diatances estimated . "
"61","will_harrod","UT-B25","Y3","V1","20240514","10","06:37",1,"25-50cm",0,0,"SPTO",4,244,"S","","NW","U",NA,6,14,1,2,"Clear",-113.991690637558,41.8398121704609,"Rangefinder broken. All diatances estimated . "
"62","will_harrod","UT-B25","Y3","V1","20240514","10","06:37",1,"25-50cm",0,0,"NOBI",5,NA,"","","","",NA,6,14,1,2,"Clear",-113.991690637558,41.8398121704609,"Rangefinder broken. All diatances estimated . "
"63","will_harrod","UT-B25","Y3","V1","20240514","10","06:37",1,"25-50cm",0,0,"BRSP",6,175,"S","","SW","U",NA,6,14,1,2,"Clear",-113.991690637558,41.8398121704609,"Rangefinder broken. All diatances estimated . "
"64","will_harrod","UT-B25","Y3","V1","20240514","14","06:52",1,"25-50cm",0,0,"VESP",1,68,"S","","NE","U",NA,6,14,1,2,"Clear",-113.991900971887,41.8375921107601,"Rangefinder broken. All diatances estimated . "
"65","will_harrod","UT-B25","Y3","V1","20240514","14","06:52",1,"25-50cm",0,0,"GTTO",1,56,"S","","W","U",NA,6,14,1,2,"Clear",-113.991900971887,41.8375921107601,"Rangefinder broken. All diatances estimated . "
"66","will_harrod","UT-B25","Y3","V1","20240514","14","06:52",1,"25-50cm",0,0,"BRSP",1,111,"S","","W","U",NA,6,14,1,2,"Clear",-113.991900971887,41.8375921107601,"Rangefinder broken. All diatances estimated . "
"67","will_harrod","UT-B25","Y3","V1","20240514","14","06:52",1,"25-50cm",0,0,"VESP",1,102,"S","","W","U",NA,6,14,1,2,"Clear",-113.991900971887,41.8375921107601,"Rangefinder broken. All diatances estimated . "
"68","will_harrod","UT-B25","Y3","V1","20240514","14","06:52",1,"25-50cm",0,0,"WEME",1,97,"S","","N","U",NA,6,14,1,2,"Clear",-113.991900971887,41.8375921107601,"Rangefinder broken. All diatances estimated . "
"69","will_harrod","UT-B25","Y3","V1","20240514","14","06:52",1,"25-50cm",0,0,"WEME",1,121,"S","","SE","U",NA,6,14,1,2,"Clear",-113.991900971887,41.8375921107601,"Rangefinder broken. All diatances estimated . "
"70","will_harrod","UT-B25","Y3","V1","20240514","14","06:52",1,"25-50cm",0,0,"BRSP",1,135,"S","","W","U",NA,6,14,1,2,"Clear",-113.991900971887,41.8375921107601,"Rangefinder broken. All diatances estimated . "
"71","will_harrod","UT-B25","Y3","V1","20240514","14","06:52",1,"25-50cm",0,0,"MODO",1,890,"S","","N","U",NA,6,14,1,2,"Clear",-113.991900971887,41.8375921107601,"Rangefinder broken. All diatances estimated . "
"72","will_harrod","UT-B25","Y3","V1","20240514","14","06:52",1,"25-50cm",0,0,"MODO",1,999,"S","","NW","U",NA,6,14,1,2,"Clear",-113.991900971887,41.8375921107601,"Rangefinder broken. All diatances estimated . "
"73","will_harrod","UT-B25","Y3","V1","20240514","14","06:52",1,"25-50cm",0,0,"CHUK",2,890,"S","","N","U",NA,6,14,1,2,"Clear",-113.991900971887,41.8375921107601,"Rangefinder broken. All diatances estimated . "
"74","will_harrod","UT-B25","Y3","V1","20240514","14","06:52",1,"25-50cm",0,0,"CHUK",2,999,"S","","NW","U",NA,6,14,1,2,"Clear",-113.991900971887,41.8375921107601,"Rangefinder broken. All diatances estimated . "
"75","will_harrod","UT-B25","Y3","V1","20240514","14","06:52",1,"25-50cm",0,0,"CHUK",2,500,"S","","W","U",NA,6,14,1,2,"Clear",-113.991900971887,41.8375921107601,"Rangefinder broken. All diatances estimated . "
"76","will_harrod","UT-B25","Y3","V1","20240514","14","06:52",1,"25-50cm",0,0,"VESP",3,71,"S","","W","U",NA,6,14,1,2,"Clear",-113.991900971887,41.8375921107601,"Rangefinder broken. All diatances estimated . "
"77","will_harrod","UT-B25","Y3","V1","20240514","14","06:52",1,"25-50cm",0,0,"NOBI",4,NA,"","","","",NA,6,14,1,2,"Clear",-113.991900971887,41.8375921107601,"Rangefinder broken. All diatances estimated . "
"78","will_harrod","UT-B25","Y3","V1","20240514","14","06:52",1,"25-50cm",0,0,"NOBI",5,NA,"","","","",NA,6,14,1,2,"Clear",-113.991900971887,41.8375921107601,"Rangefinder broken. All diatances estimated . "
"79","will_harrod","UT-B25","Y3","V1","20240514","14","06:52",1,"25-50cm",0,0,"NOBI",6,NA,"","","","",NA,6,14,1,2,"Clear",-113.991900971887,41.8375921107601,"Rangefinder broken. All diatances estimated . "
"80","will_harrod","UT-B25","Y3","V1","20240514","13","07:04",3,"50-100cm",0,0,"GTTO",1,41,"S","","SE","U",NA,6,14,1,2,"Clear",-113.99499600866,41.8378455466599,"Rangefinder broken. All diatances estimated . "
"81","will_harrod","UT-B25","Y3","V1","20240514","13","07:04",3,"50-100cm",0,0,"BRSP",1,55,"S","","SE","U",NA,6,14,1,2,"Clear",-113.99499600866,41.8378455466599,"Rangefinder broken. All diatances estimated . "
"82","will_harrod","UT-B25","Y3","V1","20240514","13","07:04",3,"50-100cm",0,0,"BRSP",1,11,"C","","E","U",NA,6,14,1,2,"Clear",-113.99499600866,41.8378455466599,"Rangefinder broken. All diatances estimated . "
"83","will_harrod","UT-B25","Y3","V1","20240514","13","07:04",3,"50-100cm",0,0,"BRSP",1,10,"V","","E","U",NA,6,14,1,2,"Clear",-113.99499600866,41.8378455466599,"Rangefinder broken. All diatances estimated . "
"84","will_harrod","UT-B25","Y3","V1","20240514","13","07:04",3,"50-100cm",0,0,"GTTO",1,54,"S","","NE","U",NA,6,14,1,2,"Clear",-113.99499600866,41.8378455466599,"Rangefinder broken. All diatances estimated . "
"85","will_harrod","UT-B25","Y3","V1","20240514","13","07:04",3,"50-100cm",0,0,"VESP",1,77,"S","","E","U",NA,6,14,1,2,"Clear",-113.99499600866,41.8378455466599,"Rangefinder broken. All diatances estimated . "
"86","will_harrod","UT-B25","Y3","V1","20240514","13","07:04",3,"50-100cm",0,0,"WEME",1,123,"S","","E","U",NA,6,14,1,2,"Clear",-113.99499600866,41.8378455466599,"Rangefinder broken. All diatances estimated . "
"87","will_harrod","UT-B25","Y3","V1","20240514","13","07:04",3,"50-100cm",0,0,"WEME",1,143,"S","","NW","U",NA,6,14,1,2,"Clear",-113.99499600866,41.8378455466599,"Rangefinder broken. All diatances estimated . "
"88","will_harrod","UT-B25","Y3","V1","20240514","13","07:04",3,"50-100cm",0,0,"WEME",2,139,"S","","SW","U",NA,6,14,1,2,"Clear",-113.99499600866,41.8378455466599,"Rangefinder broken. All diatances estimated . "
"89","will_harrod","UT-B25","Y3","V1","20240514","13","07:04",3,"50-100cm",0,0,"BRSP",2,106,"S","","NW","U",NA,6,14,1,2,"Clear",-113.99499600866,41.8378455466599,"Rangefinder broken. All diatances estimated . "
"90","will_harrod","UT-B25","Y3","V1","20240514","13","07:04",3,"50-100cm",0,0,"MODO",1,999,"S","","N","U",NA,6,14,1,2,"Clear",-113.99499600866,41.8378455466599,"Rangefinder broken. All diatances estimated . "
"91","will_harrod","UT-B25","Y3","V1","20240514","13","07:04",3,"50-100cm",0,0,"GTTO",2,76,"V","","E","U",NA,6,14,1,2,"Clear",-113.99499600866,41.8378455466599,"Rangefinder broken. All diatances estimated . "
"92","will_harrod","UT-B25","Y3","V1","20240514","13","07:04",3,"50-100cm",0,0,"CHUK",3,999,"S","","N","U",NA,6,14,1,2,"Clear",-113.99499600866,41.8378455466599,"Rangefinder broken. All diatances estimated . "
"93","will_harrod","UT-B25","Y3","V1","20240514","13","07:04",3,"50-100cm",0,0,"VESP",4,69,"S","","W","U",NA,6,14,1,2,"Clear",-113.99499600866,41.8378455466599,"Rangefinder broken. All diatances estimated . "
"94","will_harrod","UT-B25","Y3","V1","20240514","13","07:04",3,"50-100cm",0,0,"NOBI",5,NA,"","","","",NA,6,14,1,2,"Clear",-113.99499600866,41.8378455466599,"Rangefinder broken. All diatances estimated . "
"95","will_harrod","UT-B25","Y3","V1","20240514","13","07:04",3,"50-100cm",0,0,"NOBI",6,NA,"","","","",NA,6,14,1,2,"Clear",-113.99499600866,41.8378455466599,"Rangefinder broken. All diatances estimated . "
"96","will_harrod","UT-B25","Y3","V1","20240514","09","07:16",1,"25-50cm",0,0,"SOSP",1,7,"V","","NW","U",NA,6,14,1,2,"Clear",-113.99471643297,41.8400511698633,"Rangefinder broken. All diatances estimated . "
"97","will_harrod","UT-B25","Y3","V1","20240514","09","07:16",1,"25-50cm",0,0,"WEME",1,55,"S","","NW","U",NA,6,14,1,2,"Clear",-113.99471643297,41.8400511698633,"Rangefinder broken. All diatances estimated . "
"98","will_harrod","UT-B25","Y3","V1","20240514","09","07:16",1,"25-50cm",0,0,"VESP",1,126,"S","","NW","U",NA,6,14,1,2,"Clear",-113.99471643297,41.8400511698633,"Rangefinder broken. All diatances estimated . "
"99","will_harrod","UT-B25","Y3","V1","20240514","09","07:16",1,"25-50cm",0,0,"GTTO",1,97,"S","","E","U",NA,6,14,1,2,"Clear",-113.99471643297,41.8400511698633,"Rangefinder broken. All diatances estimated . "
"100","will_harrod","UT-B25","Y3","V1","20240514","09","07:16",1,"25-50cm",0,0,"GTTO",1,117,"S","","N","U",NA,6,14,1,2,"Clear",-113.99471643297,41.8400511698633,"Rangefinder broken. All diatances estimated . "
"101","will_harrod","UT-B25","Y3","V1","20240514","09","07:16",1,"25-50cm",0,0,"GTTO",1,168,"C","Y","NE","U",NA,6,14,1,2,"Clear",-113.99471643297,41.8400511698633,"Rangefinder broken. All diatances estimated . "
"102","will_harrod","UT-B25","Y3","V1","20240514","09","07:16",1,"25-50cm",0,0,"MODO",1,765,"S","","NE","U",NA,6,14,1,2,"Clear",-113.99471643297,41.8400511698633,"Rangefinder broken. All diatances estimated . "
"103","will_harrod","UT-B25","Y3","V1","20240514","09","07:16",1,"25-50cm",0,0,"WEME",2,109,"S","","S","U",NA,6,14,1,2,"Clear",-113.99471643297,41.8400511698633,"Rangefinder broken. All diatances estimated . "
"104","will_harrod","UT-B25","Y3","V1","20240514","09","07:16",1,"25-50cm",0,0,"BRSP",2,89,"S","","N","U",NA,6,14,1,2,"Clear",-113.99471643297,41.8400511698633,"Rangefinder broken. All diatances estimated . "
"105","will_harrod","UT-B25","Y3","V1","20240514","09","07:16",1,"25-50cm",0,0,"CHUK",1,175,"V","","N","U",2,6,14,1,2,"Clear",-113.99471643297,41.8400511698633,"Rangefinder broken. All diatances estimated . "
"106","will_harrod","UT-B25","Y3","V1","20240514","09","07:16",1,"25-50cm",0,0,"BRSP",3,135,"S","","SE","U",NA,6,14,1,2,"Clear",-113.99471643297,41.8400511698633,"Rangefinder broken. All diatances estimated . "
"107","will_harrod","UT-B25","Y3","V1","20240514","09","07:16",1,"25-50cm",0,0,"VESP",3,6,"V","","S","U",NA,6,14,1,2,"Clear",-113.99471643297,41.8400511698633,"Rangefinder broken. All diatances estimated . "
"108","will_harrod","UT-B25","Y3","V1","20240514","09","07:16",1,"25-50cm",0,0,"NOBI",4,NA,"","","","",NA,6,14,1,2,"Clear",-113.99471643297,41.8400511698633,"Rangefinder broken. All diatances estimated . "
"109","will_harrod","UT-B25","Y3","V1","20240514","09","07:16",1,"25-50cm",0,0,"BRSP",4,176,"S","","NE","U",NA,6,14,1,2,"Clear",-113.99471643297,41.8400511698633,"Rangefinder broken. All diatances estimated . "
"110","will_harrod","UT-B25","Y3","V1","20240514","09","07:16",1,"25-50cm",0,0,"WEME",5,186,"S","","S","U",NA,6,14,1,2,"Clear",-113.99471643297,41.8400511698633,"Rangefinder broken. All diatances estimated . "
"111","will_harrod","UT-B25","Y3","V1","20240514","09","07:16",1,"25-50cm",0,0,"VESP",5,121,"S","","NW","U",NA,6,14,1,2,"Clear",-113.99471643297,41.8400511698633,"Rangefinder broken. All diatances estimated . "
"112","will_harrod","UT-B25","Y3","V1","20240514","09","07:16",1,"25-50cm",0,0,"CHUK",5,760,"C","","W","U",NA,6,14,1,2,"Clear",-113.99471643297,41.8400511698633,"Rangefinder broken. All diatances estimated . "
"113","will_harrod","UT-B25","Y3","V1","20240514","09","07:16",1,"25-50cm",0,0,"NOBI",6,NA,"","","","",NA,6,14,1,2,"Clear",-113.99471643297,41.8400511698633,"Rangefinder broken. All diatances estimated . "
"114","will_harrod","UT-B25","Y3","V1","20240514","08","07:27",3,"50-100cm",0,0,"GTTO",1,40,"S","","W","U",NA,6,14,1,2,"Clear",-113.997759290165,41.8402882917064,"Rangefinder broken. All diatances estimated . "
"115","will_harrod","UT-B25","Y3","V1","20240514","08","07:27",3,"50-100cm",0,0,"BRSP",1,42,"S","","W","U",NA,6,14,1,2,"Clear",-113.997759290165,41.8402882917064,"Rangefinder broken. All diatances estimated . "
"116","will_harrod","UT-B25","Y3","V1","20240514","08","07:27",3,"50-100cm",0,0,"BRSP",1,35,"S","","W","U",NA,6,14,1,2,"Clear",-113.997759290165,41.8402882917064,"Rangefinder broken. All diatances estimated . "
"117","will_harrod","UT-B25","Y3","V1","20240514","08","07:27",3,"50-100cm",0,0,"GTTO",1,43,"S","","SW","U",NA,6,14,1,2,"Clear",-113.997759290165,41.8402882917064,"Rangefinder broken. All diatances estimated . "
"118","will_harrod","UT-B25","Y3","V1","20240514","08","07:27",3,"50-100cm",0,0,"VESP",1,58,"S","","SE","U",NA,6,14,1,2,"Clear",-113.997759290165,41.8402882917064,"Rangefinder broken. All diatances estimated . "
"119","will_harrod","UT-B25","Y3","V1","20240514","08","07:27",3,"50-100cm",0,0,"WEME",1,98,"S","","SE","U",NA,6,14,1,2,"Clear",-113.997759290165,41.8402882917064,"Rangefinder broken. All diatances estimated . "
"120","will_harrod","UT-B25","Y3","V1","20240514","08","07:27",3,"50-100cm",0,0,"WEME",1,114,"S","","S","U",NA,6,14,1,2,"Clear",-113.997759290165,41.8402882917064,"Rangefinder broken. All diatances estimated . "
"121","will_harrod","UT-B25","Y3","V1","20240514","08","07:27",3,"50-100cm",0,0,"VESP",2,87,"S","","W","U",NA,6,14,1,2,"Clear",-113.997759290165,41.8402882917064,"Rangefinder broken. All diatances estimated . "
"122","will_harrod","UT-B25","Y3","V1","20240514","08","07:27",3,"50-100cm",0,0,"WEME",2,129,"S","","E","U",NA,6,14,1,2,"Clear",-113.997759290165,41.8402882917064,"Rangefinder broken. All diatances estimated . "
"123","will_harrod","UT-B25","Y3","V1","20240514","08","07:27",3,"50-100cm",0,0,"MODO",1,999,"S","","NE","U",NA,6,14,1,2,"Clear",-113.997759290165,41.8402882917064,"Rangefinder broken. All diatances estimated . "
"124","will_harrod","UT-B25","Y3","V1","20240514","08","07:27",3,"50-100cm",0,0,"CHUK",2,688,"S","","E","U",NA,6,14,1,2,"Clear",-113.997759290165,41.8402882917064,"Rangefinder broken. All diatances estimated . "
"125","will_harrod","UT-B25","Y3","V1","20240514","08","07:27",3,"50-100cm",0,0,"BRSP",3,76,"S","","S","U",NA,6,14,1,2,"Clear",-113.997759290165,41.8402882917064,"Rangefinder broken. All diatances estimated . "
"126","will_harrod","UT-B25","Y3","V1","20240514","08","07:27",3,"50-100cm",0,0,"ROWR",4,700,"S","","NE","U",NA,6,14,1,2,"Clear",-113.997759290165,41.8402882917064,"Rangefinder broken. All diatances estimated . "
"127","will_harrod","UT-B25","Y3","V1","20240514","08","07:27",3,"50-100cm",0,0,"NOBI",5,NA,"","","","",NA,6,14,1,2,"Clear",-113.997759290165,41.8402882917064,"Rangefinder broken. All diatances estimated . "
"128","will_harrod","UT-B25","Y3","V1","20240514","08","07:27",3,"50-100cm",0,0,"NOBI",6,NA,"","","","",NA,6,14,1,2,"Clear",-113.997759290165,41.8402882917064,"Rangefinder broken. All diatances estimated . "
"129","will_harrod","UT-B25","Y3","V1","20240514","12","07:43",1,"25-50cm",0,0,"VESP",1,45,"S","","NE","U",NA,6,14,1,2,"Clear",-113.997999894523,41.8380017668364,"Rangefinder broken. All diatances estimated . "
"130","will_harrod","UT-B25","Y3","V1","20240514","12","07:43",1,"25-50cm",0,0,"VESP",1,29,"S","","SW","U",NA,6,14,1,2,"Clear",-113.997999894523,41.8380017668364,"Rangefinder broken. All diatances estimated . "
"131","will_harrod","UT-B25","Y3","V1","20240514","12","07:43",1,"25-50cm",0,0,"WEME",1,84,"S","","S","U",NA,6,14,1,2,"Clear",-113.997999894523,41.8380017668364,"Rangefinder broken. All diatances estimated . "
"132","will_harrod","UT-B25","Y3","V1","20240514","12","07:43",1,"25-50cm",0,0,"BRSP",1,98,"S","","N","U",NA,6,14,1,2,"Clear",-113.997999894523,41.8380017668364,"Rangefinder broken. All diatances estimated . "
"133","will_harrod","UT-B25","Y3","V1","20240514","12","07:43",1,"25-50cm",0,0,"VESP",1,87,"S","","NW","U",NA,6,14,1,2,"Clear",-113.997999894523,41.8380017668364,"Rangefinder broken. All diatances estimated . "
"134","will_harrod","UT-B25","Y3","V1","20240514","12","07:43",1,"25-50cm",0,0,"CHUK",1,488,"S","","NW","U",NA,6,14,1,2,"Clear",-113.997999894523,41.8380017668364,"Rangefinder broken. All diatances estimated . "
"135","will_harrod","UT-B25","Y3","V1","20240514","12","07:43",1,"25-50cm",0,0,"CHUK",2,677,"S","","SE","U",NA,6,14,1,2,"Clear",-113.997999894523,41.8380017668364,"Rangefinder broken. All diatances estimated . "
"136","will_harrod","UT-B25","Y3","V1","20240514","12","07:43",1,"25-50cm",0,0,"WEME",3,90,"S","","NE","U",NA,6,14,1,2,"Clear",-113.997999894523,41.8380017668364,"Rangefinder broken. All diatances estimated . "
"137","will_harrod","UT-B25","Y3","V1","20240514","12","07:43",1,"25-50cm",0,0,"GTTO",3,134,"S","","NE","U",NA,6,14,1,2,"Clear",-113.997999894523,41.8380017668364,"Rangefinder broken. All diatances estimated . "
"138","will_harrod","UT-B25","Y3","V1","20240514","12","07:43",1,"25-50cm",0,0,"CORA",3,999,"V","","SW","U",NA,6,14,1,2,"Clear",-113.997999894523,41.8380017668364,"Rangefinder broken. All diatances estimated . "
"139","will_harrod","UT-B25","Y3","V1","20240514","12","07:43",1,"25-50cm",0,0,"MODO",4,999,"S","","NE","U",NA,6,14,1,2,"Clear",-113.997999894523,41.8380017668364,"Rangefinder broken. All diatances estimated . "
"140","will_harrod","UT-B25","Y3","V1","20240514","12","07:43",1,"25-50cm",0,0,"NOBI",5,NA,"","","","",NA,6,14,1,2,"Clear",-113.997999894523,41.8380017668364,"Rangefinder broken. All diatances estimated . "
"141","will_harrod","UT-B25","Y3","V1","20240514","12","07:43",1,"25-50cm",0,0,"GTTO",6,134,"S","","NW","U",NA,6,14,1,2,"Clear",-113.997999894523,41.8380017668364,"Rangefinder broken. All diatances estimated . "
"142","will_harrod","UT-B25","Y3","V1","20240514","11","07:55",1,"25-50cm",0,25,"GRFL",1,73,"S","","W","U",NA,6,14,1,2,"Clear",-114.001004338682,41.8382127918779,"Rangefinder broken. All diatances estimated . "
"143","will_harrod","UT-B25","Y3","V1","20240514","11","07:55",1,"25-50cm",0,25,"CHSP",1,87,"S","","W","U",NA,6,14,1,2,"Clear",-114.001004338682,41.8382127918779,"Rangefinder broken. All diatances estimated . "
"144","will_harrod","UT-B25","Y3","V1","20240514","11","07:55",1,"25-50cm",0,25,"WEME",1,108,"S","","E","U",NA,6,14,1,2,"Clear",-114.001004338682,41.8382127918779,"Rangefinder broken. All diatances estimated . "
"145","will_harrod","UT-B25","Y3","V1","20240514","11","07:55",1,"25-50cm",0,25,"WEME",1,123,"S","","SE","U",NA,6,14,1,2,"Clear",-114.001004338682,41.8382127918779,"Rangefinder broken. All diatances estimated . "
"146","will_harrod","UT-B25","Y3","V1","20240514","11","07:55",1,"25-50cm",0,25,"CHUK",1,999,"S","","NE","U",NA,6,14,1,2,"Clear",-114.001004338682,41.8382127918779,"Rangefinder broken. All diatances estimated . "
"147","will_harrod","UT-B25","Y3","V1","20240514","11","07:55",1,"25-50cm",0,25,"GTTO",1,104,"S","","W","U",NA,6,14,1,2,"Clear",-114.001004338682,41.8382127918779,"Rangefinder broken. All diatances estimated . "
"148","will_harrod","UT-B25","Y3","V1","20240514","11","07:55",1,"25-50cm",0,25,"GRFL",2,120,"S","","SW","U",NA,6,14,1,2,"Clear",-114.001004338682,41.8382127918779,"Rangefinder broken. All diatances estimated . "
"149","will_harrod","UT-B25","Y3","V1","20240514","11","07:55",1,"25-50cm",0,25,"SPTO",2,124,"C","","NW","U",NA,6,14,1,2,"Clear",-114.001004338682,41.8382127918779,"Rangefinder broken. All diatances estimated . "
"150","will_harrod","UT-B25","Y3","V1","20240514","11","07:55",1,"25-50cm",0,25,"CHSP",2,133,"S","","SW","U",NA,6,14,1,2,"Clear",-114.001004338682,41.8382127918779,"Rangefinder broken. All diatances estimated . "
"151","will_harrod","UT-B25","Y3","V1","20240514","11","07:55",1,"25-50cm",0,25,"VESP",3,28,"V","","N","U",NA,6,14,1,2,"Clear",-114.001004338682,41.8382127918779,"Rangefinder broken. All diatances estimated . "
"152","will_harrod","UT-B25","Y3","V1","20240514","11","07:55",1,"25-50cm",0,25,"VESP",2,55,"S","","NW","U",NA,6,14,1,2,"Clear",-114.001004338682,41.8382127918779,"Rangefinder broken. All diatances estimated . "
"153","will_harrod","UT-B25","Y3","V1","20240514","11","07:55",1,"25-50cm",0,25,"VESP",3,28,"V","","N","U",NA,6,14,1,2,"Clear",-114.001004338682,41.8382127918779,"Rangefinder broken. All diatances estimated . "
"154","will_harrod","UT-B25","Y3","V1","20240514","11","07:55",1,"25-50cm",0,25,"LASP",4,130,"S","","SW","U",NA,6,14,1,2,"Clear",-114.001004338682,41.8382127918779,"Rangefinder broken. All diatances estimated . "
"155","will_harrod","UT-B25","Y3","V1","20240514","11","07:55",1,"25-50cm",0,25,"HOLA",5,39,"S","","N","U",NA,6,14,1,2,"Clear",-114.001004338682,41.8382127918779,"Rangefinder broken. All diatances estimated . "
"156","will_harrod","UT-B25","Y3","V1","20240514","11","07:55",1,"25-50cm",0,25,"CHUK",5,500,"S","","SW","U",NA,6,14,1,2,"Clear",-114.001004338682,41.8382127918779,"Rangefinder broken. All diatances estimated . "
"157","will_harrod","UT-B25","Y3","V1","20240514","11","07:55",1,"25-50cm",0,25,"NOBI",6,NA,"","","","",NA,6,14,1,2,"Clear",-114.001004338682,41.8382127918779,"Rangefinder broken. All diatances estimated . "
"158","will_harrod","UT-B25","Y3","V1","20240514","07","08:06",0,"0-25cm",0,0,"WEME",1,93,"S","","SE","U",NA,6,14,1,2,"Clear",-114.000756539779,41.8404198988636,"Rangefinder broken. All diatances estimated . Wind picked up on minutes 2-6"
"159","will_harrod","UT-B25","Y3","V1","20240514","07","08:06",0,"0-25cm",0,0,"WEME",1,144,"S","","SW","U",NA,6,14,1,2,"Clear",-114.000756539779,41.8404198988636,"Rangefinder broken. All diatances estimated . Wind picked up on minutes 2-6"
"160","will_harrod","UT-B25","Y3","V1","20240514","07","08:06",0,"0-25cm",0,0,"WEME",1,159,"S","","NE","U",NA,6,14,1,2,"Clear",-114.000756539779,41.8404198988636,"Rangefinder broken. All diatances estimated . Wind picked up on minutes 2-6"
"161","will_harrod","UT-B25","Y3","V1","20240514","07","08:06",0,"0-25cm",0,0,"WEME",1,170,"S","","N","U",NA,6,14,1,2,"Clear",-114.000756539779,41.8404198988636,"Rangefinder broken. All diatances estimated . Wind picked up on minutes 2-6"
"162","will_harrod","UT-B25","Y3","V1","20240514","07","08:06",0,"0-25cm",0,0,"VESP",1,53,"S","","E","U",NA,6,14,1,2,"Clear",-114.000756539779,41.8404198988636,"Rangefinder broken. All diatances estimated . Wind picked up on minutes 2-6"
"163","will_harrod","UT-B25","Y3","V1","20240514","07","08:06",0,"0-25cm",0,0,"VESP",2,46,"S","","N","U",NA,6,14,1,2,"Clear",-114.000756539779,41.8404198988636,"Rangefinder broken. All diatances estimated . Wind picked up on minutes 2-6"
"164","will_harrod","UT-B25","Y3","V1","20240514","07","08:06",0,"0-25cm",0,0,"CHUK",1,999,"S","","NE","U",NA,6,14,1,2,"Clear",-114.000756539779,41.8404198988636,"Rangefinder broken. All diatances estimated . Wind picked up on minutes 2-6"
"165","will_harrod","UT-B25","Y3","V1","20240514","07","08:06",0,"0-25cm",0,0,"WEME",3,231,"C","","W","U",NA,6,14,1,2,"Clear",-114.000756539779,41.8404198988636,"Rangefinder broken. All diatances estimated . Wind picked up on minutes 2-6"
"166","will_harrod","UT-B25","Y3","V1","20240514","07","08:06",0,"0-25cm",0,0,"NOBI",4,NA,"","","","",NA,6,14,1,2,"Clear",-114.000756539779,41.8404198988636,"Rangefinder broken. All diatances estimated . Wind picked up on minutes 2-6"
"167","will_harrod","UT-B25","Y3","V1","20240514","07","08:06",0,"0-25cm",0,0,"NOBI",5,NA,"","","","",NA,6,14,1,2,"Clear",-114.000756539779,41.8404198988636,"Rangefinder broken. All diatances estimated . Wind picked up on minutes 2-6"
"168","will_harrod","UT-B25","Y3","V1","20240514","07","08:06",0,"0-25cm",0,0,"VESP",6,165,"S","","W","U",NA,6,14,1,2,"Clear",-114.000756539779,41.8404198988636,"Rangefinder broken. All diatances estimated . Wind picked up on minutes 2-6"
"169","will_harrod","UT-B25","Y3","V1","20240514","07","08:06",0,"0-25cm",0,0,"HOLA",4,94,"S","","W","U",NA,6,14,1,2,"Clear",-114.000756539779,41.8404198988636,"Rangefinder broken. All diatances estimated . Wind picked up on minutes 2-6"
"170","will_harrod","UT-B25","Y3","V1","20240514","06","08:30",2,"25-50cm",0,100,"LAZB",1,34,"S","","W","U",NA,6,14,1,2,"Clear",-114.003627437869,41.8407737220057,"Rangefinder broken. All diatances estimated . Point in aspen grove"
"171","will_harrod","UT-B25","Y3","V1","20240514","06","08:30",2,"25-50cm",0,100,"VESP",1,17,"S","","S","U",NA,6,14,1,2,"Clear",-114.003627437869,41.8407737220057,"Rangefinder broken. All diatances estimated . Point in aspen grove"
"172","will_harrod","UT-B25","Y3","V1","20240514","06","08:30",2,"25-50cm",0,100,"GTTO",1,85,"C","","E","U",NA,6,14,1,2,"Clear",-114.003627437869,41.8407737220057,"Rangefinder broken. All diatances estimated . Point in aspen grove"
"173","will_harrod","UT-B25","Y3","V1","20240514","06","08:30",2,"25-50cm",0,100,"WEME",1,98,"S","","N","U",NA,6,14,1,2,"Clear",-114.003627437869,41.8407737220057,"Rangefinder broken. All diatances estimated . Point in aspen grove"
"174","will_harrod","UT-B25","Y3","V1","20240514","06","08:30",2,"25-50cm",0,100,"LAZB",1,45,"S","","S","U",NA,6,14,1,2,"Clear",-114.003627437869,41.8407737220057,"Rangefinder broken. All diatances estimated . Point in aspen grove"
"175","will_harrod","UT-B25","Y3","V1","20240514","06","08:30",2,"25-50cm",0,100,"OCWA",1,18,"S","","E","U",NA,6,14,1,2,"Clear",-114.003627437869,41.8407737220057,"Rangefinder broken. All diatances estimated . Point in aspen grove"
"176","will_harrod","UT-B25","Y3","V1","20240514","06","08:30",2,"25-50cm",0,100,"WEME",2,95,"S","","W","U",NA,6,14,1,2,"Clear",-114.003627437869,41.8407737220057,"Rangefinder broken. All diatances estimated . Point in aspen grove"
"177","will_harrod","UT-B25","Y3","V1","20240514","06","08:30",2,"25-50cm",0,100,"HOWR",2,30,"S","","E","U",NA,6,14,1,2,"Clear",-114.003627437869,41.8407737220057,"Rangefinder broken. All diatances estimated . Point in aspen grove"
"178","will_harrod","UT-B25","Y3","V1","20240514","06","08:30",2,"25-50cm",0,100,"LAZB",2,26,"S","","E","U",NA,6,14,1,2,"Clear",-114.003627437869,41.8407737220057,"Rangefinder broken. All diatances estimated . Point in aspen grove"
"179","will_harrod","UT-B25","Y3","V1","20240514","06","08:30",2,"25-50cm",0,100,"WEME",2,106,"S","","NE","U",NA,6,14,1,2,"Clear",-114.003627437869,41.8407737220057,"Rangefinder broken. All diatances estimated . Point in aspen grove"
"180","will_harrod","UT-B25","Y3","V1","20240514","06","08:30",2,"25-50cm",0,100,"VESP",3,98,"S","","NW","U",NA,6,14,1,2,"Clear",-114.003627437869,41.8407737220057,"Rangefinder broken. All diatances estimated . Point in aspen grove"
"181","will_harrod","UT-B25","Y3","V1","20240514","06","08:30",2,"25-50cm",0,100,"LASP",3,47,"S","","NE","U",NA,6,14,1,2,"Clear",-114.003627437869,41.8407737220057,"Rangefinder broken. All diatances estimated . Point in aspen grove"
"182","will_harrod","UT-B25","Y3","V1","20240514","06","08:30",2,"25-50cm",0,100,"CHUK",1,380,"S","","W","U",NA,6,14,1,2,"Clear",-114.003627437869,41.8407737220057,"Rangefinder broken. All diatances estimated . Point in aspen grove"
"183","will_harrod","UT-B25","Y3","V1","20240514","06","08:30",2,"25-50cm",0,100,"ROWR",4,260,"S","","S","U",NA,6,14,1,2,"Clear",-114.003627437869,41.8407737220057,"Rangefinder broken. All diatances estimated . Point in aspen grove"
"184","will_harrod","UT-B25","Y3","V1","20240514","06","08:30",2,"25-50cm",0,100,"NOBI",5,NA,"","","","",NA,6,14,1,2,"Clear",-114.003627437869,41.8407737220057,"Rangefinder broken. All diatances estimated . Point in aspen grove"
"185","will_harrod","UT-B25","Y3","V1","20240514","06","08:30",2,"25-50cm",0,100,"HOLA",6,210,"S","","W","U",NA,6,14,1,2,"Clear",-114.003627437869,41.8407737220057,"Rangefinder broken. All diatances estimated . Point in aspen grove"
"186","will_harrod","UT-B25","Y3","V1","20240514","06","08:30",2,"25-50cm",0,100,"BBMA",4,320,"C","","E","U",NA,6,14,1,2,"Clear",-114.003627437869,41.8407737220057,"Rangefinder broken. All diatances estimated . Point in aspen grove"
"187","will_harrod","UT-B25","Y3","V1","20240514","06","08:30",2,"25-50cm",0,100,"WCSP",5,205,"S","","N","U",NA,6,14,1,2,"Clear",-114.003627437869,41.8407737220057,"Rangefinder broken. All diatances estimated . Point in aspen grove"
"188","will_harrod","UT-B25","Y3","V1","20240514","02","08:30",2,"25-50cm",0,0,"LAZB",1,58,"S","","N","U",NA,6,14,1,2,"Clear",-114.000583011958,41.8426953838849,"Rangefinder broken. All diatances estimated . "
"189","will_harrod","UT-B25","Y3","V1","20240514","02","08:30",2,"25-50cm",0,0,"WEME",1,187,"S","","S","U",NA,6,14,1,2,"Clear",-114.000583011958,41.8426953838849,"Rangefinder broken. All diatances estimated . "
"190","will_harrod","UT-B25","Y3","V1","20240514","02","08:30",2,"25-50cm",0,0,"WEME",1,156,"S","","SE","U",NA,6,14,1,2,"Clear",-114.000583011958,41.8426953838849,"Rangefinder broken. All diatances estimated . "
"191","will_harrod","UT-B25","Y3","V1","20240514","02","08:30",2,"25-50cm",0,0,"WEME",1,148,"S","","E","U",NA,6,14,1,2,"Clear",-114.000583011958,41.8426953838849,"Rangefinder broken. All diatances estimated . "
"192","will_harrod","UT-B25","Y3","V1","20240514","02","08:30",2,"25-50cm",0,0,"WEME",1,105,"S","","NW","U",NA,6,14,1,2,"Clear",-114.000583011958,41.8426953838849,"Rangefinder broken. All diatances estimated . "
"193","will_harrod","UT-B25","Y3","V1","20240514","02","08:30",2,"25-50cm",0,0,"CHUK",1,800,"S","","W","U",NA,6,14,1,2,"Clear",-114.000583011958,41.8426953838849,"Rangefinder broken. All diatances estimated . "
"194","will_harrod","UT-B25","Y3","V1","20240514","02","08:30",2,"25-50cm",0,0,"NOFL",2,280,"V","Y","N","U",NA,6,14,1,2,"Clear",-114.000583011958,41.8426953838849,"Rangefinder broken. All diatances estimated . "
"195","will_harrod","UT-B25","Y3","V1","20240514","02","08:30",2,"25-50cm",0,0,"NOBI",3,NA,"","","","",NA,6,14,1,2,"Clear",-114.000583011958,41.8426953838849,"Rangefinder broken. All diatances estimated . "
"196","will_harrod","UT-B25","Y3","V1","20240514","02","08:30",2,"25-50cm",0,0,"VESP",4,52,"S","","N","U",NA,6,14,1,2,"Clear",-114.000583011958,41.8426953838849,"Rangefinder broken. All diatances estimated . "
"197","will_harrod","UT-B25","Y3","V1","20240514","02","08:30",2,"25-50cm",0,0,"VESP",5,103,"S","","NW","U",NA,6,14,1,2,"Clear",-114.000583011958,41.8426953838849,"Rangefinder broken. All diatances estimated . "
"198","will_harrod","UT-B25","Y3","V1","20240514","02","08:30",2,"25-50cm",0,0,"WCSP",6,130,"S","","W","U",NA,6,14,1,2,"Clear",-114.000583011958,41.8426953838849,"Rangefinder broken. All diatances estimated . "
"199","will_harrod","UT-B25","Y3","V1","20240514","01","08:40",1,"25-50cm",0,3,"SPTO",1,143,"S","","NE","U",NA,6,14,1,2,"Clear",-114.000270926056,41.8449047965804,"Rangefinder broken. All diatances estimated . "
"200","will_harrod","UT-B25","Y3","V1","20240514","01","08:40",1,"25-50cm",0,3,"WEME",1,122,"S","","S","U",NA,6,14,1,2,"Clear",-114.000270926056,41.8449047965804,"Rangefinder broken. All diatances estimated . "
"201","will_harrod","UT-B25","Y3","V1","20240514","01","08:40",1,"25-50cm",0,3,"WEME",1,80,"S","","NW","U",NA,6,14,1,2,"Clear",-114.000270926056,41.8449047965804,"Rangefinder broken. All diatances estimated . "
"202","will_harrod","UT-B25","Y3","V1","20240514","01","08:40",1,"25-50cm",0,3,"WEME",1,97,"S","","NE","U",NA,6,14,1,2,"Clear",-114.000270926056,41.8449047965804,"Rangefinder broken. All diatances estimated . "
"203","will_harrod","UT-B25","Y3","V1","20240514","01","08:40",1,"25-50cm",0,3,"WEME",1,231,"S","","N","U",NA,6,14,1,2,"Clear",-114.000270926056,41.8449047965804,"Rangefinder broken. All diatances estimated . "
"204","will_harrod","UT-B25","Y3","V1","20240514","01","08:40",1,"25-50cm",0,3,"SPTO",1,89,"S","","N","U",NA,6,14,1,2,"Clear",-114.000270926056,41.8449047965804,"Rangefinder broken. All diatances estimated . "
"205","will_harrod","UT-B25","Y3","V1","20240514","01","08:40",1,"25-50cm",0,3,"LAZB",1,89,"S","","NE","U",NA,6,14,1,2,"Clear",-114.000270926056,41.8449047965804,"Rangefinder broken. All diatances estimated . "
"206","will_harrod","UT-B25","Y3","V1","20240514","01","08:40",1,"25-50cm",0,3,"LAZB",2,72,"S","","W","U",NA,6,14,1,2,"Clear",-114.000270926056,41.8449047965804,"Rangefinder broken. All diatances estimated . "
"207","will_harrod","UT-B25","Y3","V1","20240514","01","08:40",1,"25-50cm",0,3,"CHUK",1,380,"S","","NE","U",NA,6,14,1,2,"Clear",-114.000270926056,41.8449047965804,"Rangefinder broken. All diatances estimated . "
"208","will_harrod","UT-B25","Y3","V1","20240514","01","08:40",1,"25-50cm",0,3,"CHUK",3,570,"S","","W","U",NA,6,14,1,2,"Clear",-114.000270926056,41.8449047965804,"Rangefinder broken. All diatances estimated . "
"209","will_harrod","UT-B25","Y3","V1","20240514","01","08:40",1,"25-50cm",0,3,"ROWR",4,267,"S","","NE","U",NA,6,14,1,2,"Clear",-114.000270926056,41.8449047965804,"Rangefinder broken. All diatances estimated . "
"210","will_harrod","UT-B25","Y3","V1","20240514","01","08:40",1,"25-50cm",0,3,"GTTO",5,189,"S","","NE","U",NA,6,14,1,2,"Clear",-114.000270926056,41.8449047965804,"Rangefinder broken. All diatances estimated . "
"211","will_harrod","UT-B25","Y3","V1","20240514","01","08:40",1,"25-50cm",0,3,"VESP",6,94,"S","","N","U",NA,6,14,1,2,"Clear",-114.000270926056,41.8449047965804,"Rangefinder broken. All diatances estimated . "
